CENTRAL POLLUTION CONTROL BOARD,,,,,,
CONTINUOUS AMBIENT AIR QUALITY,,,,,,
"Date: Wednesday, Apr 21 2021",,,,,,
Time: 03:53:04 PM,,,,,,
State,Delhi,,,,,
City,Delhi,,,,,
Station,"Mandir Marg, Delhi - DPCC",,,,,
Parameter,"PM2.5,PM10,NO,NO2,NOx,NH3,SO2,CO,Ozone,Benzene,Toluene,Temp,RH,WS,WD,SR,BP,VWS,Xylene,Rack Temp,AT",,,,,
AvgPeriod,24 Hours,,,,,
From,01-01-2015T00:00:00Z 00:00,,,,,
To,01-01-2016T00:00:59Z 00:00,,,,,
,,,,,,
"Mandir Marg, Delhi - DPCC",,,,,,
Prescribed Standards, ,0-60,0-100,0-80,0-80,0-200
Exceeding Standards, ,NA,NA,NA,NA,NA
Remarks,,,,,,
From Date,To Date,PM2.5,PM10,NO,NO2,NOx
01-01-2015 00:00,02-01-2015 00:00,None,None,None,None,None
02-01-2015 00:00,03-01-2015 00:00,None,None,None,None,None
03-01-2015 00:00,04-01-2015 00:00,None,None,None,None,None
04-01-2015 00:00,05-01-2015 00:00,None,None,None,None,None
05-01-2015 00:00,06-01-2015 00:00,None,None,None,None,None
06-01-2015 00:00,07-01-2015 00:00,None,None,None,None,None
07-01-2015 00:00,08-01-2015 00:00,None,None,None,None,None
08-01-2015 00:00,09-01-2015 00:00,None,None,None,None,None
09-01-2015 00:00,10-01-2015 00:00,None,None,None,None,None
10-01-2015 00:00,11-01-2015 00:00,None,None,None,None,None
11-01-2015 00:00,12-01-2015 00:00,None,None,None,None,None
12-01-2015 00:00,13-01-2015 00:00,None,None,None,None,None
13-01-2015 00:00,14-01-2015 00:00,None,None,None,None,None
14-01-2015 00:00,15-01-2015 00:00,None,None,None,None,None
15-01-2015 00:00,16-01-2015 00:00,None,None,None,None,None
16-01-2015 00:00,17-01-2015 00:00,None,None,None,None,None
17-01-2015 00:00,18-01-2015 00:00,None,None,None,None,None
18-01-2015 00:00,19-01-2015 00:00,None,None,None,None,None
19-01-2015 00:00,20-01-2015 00:00,None,None,None,None,None
20-01-2015 00:00,21-01-2015 00:00,None,None,None,None,None
21-01-2015 00:00,22-01-2015 00:00,None,None,None,None,None
22-01-2015 00:00,23-01-2015 00:00,None,None,None,None,None
23-01-2015 00:00,24-01-2015 00:00,None,None,None,None,None
24-01-2015 00:00,25-01-2015 00:00,None,None,None,None,None
25-01-2015 00:00,26-01-2015 00:00,None,None,None,None,None
26-01-2015 00:00,27-01-2015 00:00,None,None,None,None,None
27-01-2015 00:00,28-01-2015 00:00,None,None,None,None,None
28-01-2015 00:00,29-01-2015 00:00,None,None,None,None,None
29-01-2015 00:00,30-01-2015 00:00,None,None,None,None,None
30-01-2015 00:00,31-01-2015 00:00,None,None,None,None,None
31-01-2015 00:00,01-02-2015 00:00,None,None,None,None,None
01-02-2015 00:00,02-02-2015 00:00,None,None,None,None,None
02-02-2015 00:00,03-02-2015 00:00,None,None,None,None,None
03-02-2015 00:00,04-02-2015 00:00,None,None,None,None,None
04-02-2015 00:00,05-02-2015 00:00,None,None,None,None,None
05-02-2015 00:00,06-02-2015 00:00,None,None,None,None,None
06-02-2015 00:00,07-02-2015 00:00,None,None,None,None,None
07-02-2015 00:00,08-02-2015 00:00,None,None,None,None,None
08-02-2015 00:00,09-02-2015 00:00,None,None,None,None,None
09-02-2015 00:00,10-02-2015 00:00,None,None,None,None,None
10-02-2015 00:00,11-02-2015 00:00,None,None,None,None,None
11-02-2015 00:00,12-02-2015 00:00,None,None,None,None,None
12-02-2015 00:00,13-02-2015 00:00,None,None,None,None,None
13-02-2015 00:00,14-02-2015 00:00,None,None,None,None,None
14-02-2015 00:00,15-02-2015 00:00,None,None,None,None,None
15-02-2015 00:00,16-02-2015 00:00,None,None,None,None,None
16-02-2015 00:00,17-02-2015 00:00,None,None,None,None,None
17-02-2015 00:00,18-02-2015 00:00,None,None,None,None,None
18-02-2015 00:00,19-02-2015 00:00,None,None,None,None,None
19-02-2015 00:00,20-02-2015 00:00,None,None,None,None,None
20-02-2015 00:00,21-02-2015 00:00,None,None,None,None,None
21-02-2015 00:00,22-02-2015 00:00,None,None,None,None,None
22-02-2015 00:00,23-02-2015 00:00,None,None,None,None,None
23-02-2015 00:00,24-02-2015 00:00,None,None,None,None,None
24-02-2015 00:00,25-02-2015 00:00,None,None,None,None,None
25-02-2015 00:00,26-02-2015 00:00,None,None,None,None,None
26-02-2015 00:00,27-02-2015 00:00,None,None,None,None,None
27-02-2015 00:00,28-02-2015 00:00,None,None,None,None,None
28-02-2015 00:00,01-03-2015 00:00,None,None,None,None,None
01-03-2015 00:00,02-03-2015 00:00,None,None,None,None,None
02-03-2015 00:00,03-03-2015 00:00,None,None,None,None,None
03-03-2015 00:00,04-03-2015 00:00,None,None,None,None,None
04-03-2015 00:00,05-03-2015 00:00,None,None,None,None,None
05-03-2015 00:00,06-03-2015 00:00,None,None,None,None,None
06-03-2015 00:00,07-03-2015 00:00,None,None,None,None,None
07-03-2015 00:00,08-03-2015 00:00,None,None,None,None,None
08-03-2015 00:00,09-03-2015 00:00,None,None,None,None,None
09-03-2015 00:00,10-03-2015 00:00,None,None,None,None,None
10-03-2015 00:00,11-03-2015 00:00,None,None,None,None,None
11-03-2015 00:00,12-03-2015 00:00,None,None,None,None,None
12-03-2015 00:00,13-03-2015 00:00,None,None,None,None,None
13-03-2015 00:00,14-03-2015 00:00,None,None,None,None,None
14-03-2015 00:00,15-03-2015 00:00,None,None,None,None,None
15-03-2015 00:00,16-03-2015 00:00,None,None,None,None,None
16-03-2015 00:00,17-03-2015 00:00,None,None,None,None,None
17-03-2015 00:00,18-03-2015 00:00,None,None,None,None,None
18-03-2015 00:00,19-03-2015 00:00,None,None,None,None,None
19-03-2015 00:00,20-03-2015 00:00,None,None,None,None,None
20-03-2015 00:00,21-03-2015 00:00,None,None,None,None,None
21-03-2015 00:00,22-03-2015 00:00,None,None,None,None,None
22-03-2015 00:00,23-03-2015 00:00,None,None,None,None,None
23-03-2015 00:00,24-03-2015 00:00,None,None,None,None,None
24-03-2015 00:00,25-03-2015 00:00,None,None,None,None,None
25-03-2015 00:00,26-03-2015 00:00,None,None,None,None,None
26-03-2015 00:00,27-03-2015 00:00,None,None,None,None,None
27-03-2015 00:00,28-03-2015 00:00,None,None,None,None,None
28-03-2015 00:00,29-03-2015 00:00,None,None,None,None,None
29-03-2015 00:00,30-03-2015 00:00,None,None,None,None,None
30-03-2015 00:00,31-03-2015 00:00,None,None,None,None,None
31-03-2015 00:00,01-04-2015 00:00,None,None,None,None,None
01-04-2015 00:00,02-04-2015 00:00,None,None,None,None,None
02-04-2015 00:00,03-04-2015 00:00,None,None,None,None,None
03-04-2015 00:00,04-04-2015 00:00,None,None,None,None,None
04-04-2015 00:00,05-04-2015 00:00,None,None,None,None,None
05-04-2015 00:00,06-04-2015 00:00,None,None,None,None,None
06-04-2015 00:00,07-04-2015 00:00,None,None,None,None,None
07-04-2015 00:00,08-04-2015 00:00,None,None,None,None,None
08-04-2015 00:00,09-04-2015 00:00,None,None,None,None,None
09-04-2015 00:00,10-04-2015 00:00,37.63,106.77,27.28,58.58,92.36
10-04-2015 00:00,11-04-2015 00:00,68.49,146.02,33.82,54.07,98.15
11-04-2015 00:00,12-04-2015 00:00,78.77,156.04,55.59,75.52,149.84
12-04-2015 00:00,13-04-2015 00:00,71,127.5,None,105,None
13-04-2015 00:00,14-04-2015 00:00,40.5,115.82,26.45,70.06,101.77
14-04-2015 00:00,15-04-2015 00:00,51.34,122.2,27.38,58.58,92.93
15-04-2015 00:00,16-04-2015 00:00,63.51,138.1,49.72,92.87,147.65
16-04-2015 00:00,17-04-2015 00:00,66.05,143.52,49.01,69.47,131.02
17-04-2015 00:00,18-04-2015 00:00,39.35,106.67,20.58,42.42,67.21
18-04-2015 00:00,19-04-2015 00:00,77.67,218.92,42.96,49.45,110.87
19-04-2015 00:00,20-04-2015 00:00,83.02,237.5,87.29,126.51,238.64
20-04-2015 00:00,21-04-2015 00:00,101.98,383.96,37.66,107.11,150.37
21-04-2015 00:00,22-04-2015 00:00,83.33,327.57,27.91,68.69,102.59
22-04-2015 00:00,23-04-2015 00:00,82.89,231.55,32.21,79.14,118.24
23-04-2015 00:00,24-04-2015 00:00,82.67,210.27,65.36,115.23,198.19
24-04-2015 00:00,25-04-2015 00:00,121.5,263.51,94.08,143.58,264.7
25-04-2015 00:00,26-04-2015 00:00,83.91,318.29,39.25,90.05,138.21
26-04-2015 00:00,27-04-2015 00:00,55.67,188.2,19.5,55.74,79.61
27-04-2015 00:00,28-04-2015 00:00,60.82,190.32,20.39,58.68,82.76
28-04-2015 00:00,29-04-2015 00:00,59.66,154.32,20.78,62.51,86.83
29-04-2015 00:00,30-04-2015 00:00,44.51,145.17,21.02,72.68,96.52
30-04-2015 00:00,01-05-2015 00:00,55.2,177.75,21.07,71.05,95.11
01-05-2015 00:00,02-05-2015 00:00,85.07,180.58,27.17,64.32,99.97
02-05-2015 00:00,03-05-2015 00:00,60.15,133.06,34.31,78.87,121.47
03-05-2015 00:00,04-05-2015 00:00,95.42,221.48,45.94,127.98,175.72
04-05-2015 00:00,05-05-2015 00:00,83.55,194.96,49.25,106.83,167.51
05-05-2015 00:00,06-05-2015 00:00,142.64,261.94,77.68,133.8,232.75
06-05-2015 00:00,07-05-2015 00:00,139.67,284.23,56.63,102.57,174.22
07-05-2015 00:00,08-05-2015 00:00,102.61,259.1,27.99,73.48,107.06
08-05-2015 00:00,09-05-2015 00:00,74.91,229.47,35.32,66.23,110.74
09-05-2015 00:00,10-05-2015 00:00,80.72,233.17,61.31,89.98,168.12
10-05-2015 00:00,11-05-2015 00:00,78.82,182.83,63.06,121.57,201.67
11-05-2015 00:00,12-05-2015 00:00,82.98,215.71,20.62,64.15,87.8
12-05-2015 00:00,13-05-2015 00:00,90.35,254.97,22.27,71.72,97.68
13-05-2015 00:00,14-05-2015 00:00,95.87,147.17,25.21,129.02,144.39
14-05-2015 00:00,15-05-2015 00:00,47.16,107.27,26.13,80.97,111.35
15-05-2015 00:00,16-05-2015 00:00,68.24,163.28,32.63,88.64,127.61
16-05-2015 00:00,17-05-2015 00:00,71.91,142.95,44.06,127.41,175.02
17-05-2015 00:00,18-05-2015 00:00,98.02,166.19,None,None,None
18-05-2015 00:00,19-05-2015 00:00,62.45,158.18,None,None,None
19-05-2015 00:00,20-05-2015 00:00,83.05,182.76,None,None,None
20-05-2015 00:00,21-05-2015 00:00,59.55,129.84,None,None,None
21-05-2015 00:00,22-05-2015 00:00,75.54,221.04,None,None,None
22-05-2015 00:00,23-05-2015 00:00,48.91,173.68,2.45,58.38,52.86
23-05-2015 00:00,24-05-2015 00:00,37.22,200.11,6.97,58.13,55.74
24-05-2015 00:00,25-05-2015 00:00,85.18,219.44,40.74,69.24,85.08
25-05-2015 00:00,26-05-2015 00:00,100.54,287,51.03,59,103.87
26-05-2015 00:00,27-05-2015 00:00,77.42,280.45,3.73,48.39,49.32
27-05-2015 00:00,28-05-2015 00:00,66.49,195.32,9.74,62.63,71.08
28-05-2015 00:00,29-05-2015 00:00,186.4,601.97,33.69,79.89,128.91
29-05-2015 00:00,30-05-2015 00:00,87.61,280.1,16.15,78.41,95.06
30-05-2015 00:00,31-05-2015 00:00,85.15,200.3,35.31,81.99,121.8
31-05-2015 00:00,01-06-2015 00:00,70.07,306.57,3.73,43.56,45.47
01-06-2015 00:00,02-06-2015 00:00,41.69,173.72,5.49,62.16,65.75
02-06-2015 00:00,03-06-2015 00:00,28.79,89.42,8.43,54.89,61.15
03-06-2015 00:00,04-06-2015 00:00,50.22,106.07,10.82,74.76,83.86
04-06-2015 00:00,05-06-2015 00:00,74.62,173.35,9.75,68.73,76.65
05-06-2015 00:00,06-06-2015 00:00,163.58,281.57,83.91,138.09,233.28
06-06-2015 00:00,07-06-2015 00:00,63.7,135.07,12.66,88.9,98.52
07-06-2015 00:00,08-06-2015 00:00,76.29,166.55,18.05,79.33,97.32
08-06-2015 00:00,09-06-2015 00:00,74.01,159.87,22,76.04,100.14
09-06-2015 00:00,10-06-2015 00:00,70.62,335.59,0.92,26.22,25.01
10-06-2015 00:00,11-06-2015 00:00,49.39,165.42,0.83,16.94,16.57
11-06-2015 00:00,12-06-2015 00:00,83.9,284.57,1.06,27.23,26.89
12-06-2015 00:00,13-06-2015 00:00,60.46,204.78,6.19,27.97,34.17
13-06-2015 00:00,14-06-2015 00:00,48.41,138.52,18.87,55.49,77.21
14-06-2015 00:00,15-06-2015 00:00,67.04,128.7,9.83,66.66,75.1
15-06-2015 00:00,16-06-2015 00:00,90.76,194.74,19.07,69.75,91.07
16-06-2015 00:00,17-06-2015 00:00,96.22,264.2,48.81,73.92,135.43
17-06-2015 00:00,18-06-2015 00:00,93.93,222.71,16.77,64.04,82.03
18-06-2015 00:00,19-06-2015 00:00,95.8,227.86,61.48,103.8,180.22
19-06-2015 00:00,20-06-2015 00:00,100.28,213.66,24.36,67.35,96.32
20-06-2015 00:00,21-06-2015 00:00,65.65,143.33,4.23,39.59,42.39
21-06-2015 00:00,22-06-2015 00:00,45.2,81.01,7.23,58.61,64.13
22-06-2015 00:00,23-06-2015 00:00,88.8,146.92,11.5,63.59,74.74
23-06-2015 00:00,24-06-2015 00:00,104.71,133.84,29.04,46.03,83.32
24-06-2015 00:00,25-06-2015 00:00,138.25,230.28,8.84,48.09,97.21
25-06-2015 00:00,26-06-2015 00:00,30.68,53.39,8.82,25.15,100.95
26-06-2015 00:00,27-06-2015 00:00,55.03,137.18,21.06,26.58,153.76
27-06-2015 00:00,28-06-2015 00:00,48.14,145.75,3.82,19.67,66.67
28-06-2015 00:00,29-06-2015 00:00,61.26,175.1,7.51,37.12,127
29-06-2015 00:00,30-06-2015 00:00,33.06,103.12,5.17,33.46,108.02
30-06-2015 00:00,01-07-2015 00:00,48.04,102.47,4.87,37.15,116.5
01-07-2015 00:00,02-07-2015 00:00,49.82,130.3,6.28,41.57,133.72
02-07-2015 00:00,03-07-2015 00:00,48.31,136.17,5.84,35.45,115.89
03-07-2015 00:00,04-07-2015 00:00,40.34,170.85,3.71,10.98,43.52
04-07-2015 00:00,05-07-2015 00:00,30.29,187.64,3.23,9.96,37.75
05-07-2015 00:00,06-07-2015 00:00,108.25,520.83,11.86,25,112.79
06-07-2015 00:00,07-07-2015 00:00,35.23,139.35,11.14,38.33,144.7
07-07-2015 00:00,08-07-2015 00:00,36.18,78.12,16.07,47.95,189.56
08-07-2015 00:00,09-07-2015 00:00,56.35,116.7,12.08,49.35,177.28
09-07-2015 00:00,10-07-2015 00:00,64.04,103.5,19.38,46.36,198.71
10-07-2015 00:00,11-07-2015 00:00,32.6,62.9,27.08,53.35,247.75
11-07-2015 00:00,12-07-2015 00:00,24,46.16,25.02,43.42,213.09
12-07-2015 00:00,13-07-2015 00:00,15.69,39.42,35.87,30.85,224.26
13-07-2015 00:00,14-07-2015 00:00,25.67,56.04,15.23,19.16,111.02
14-07-2015 00:00,15-07-2015 00:00,24.63,72.21,5.99,20.07,76.38
15-07-2015 00:00,16-07-2015 00:00,43.52,160.61,5.3,18.41,69.28
16-07-2015 00:00,17-07-2015 00:00,53.45,199.69,6.48,25.77,93.28
17-07-2015 00:00,18-07-2015 00:00,74.18,130.19,20.38,32.04,165.3
18-07-2015 00:00,19-07-2015 00:00,63.19,104.43,17.61,43.28,183.55
19-07-2015 00:00,20-07-2015 00:00,50.69,99.67,15,37.67,158.47
20-07-2015 00:00,21-07-2015 00:00,34.81,75.43,22.38,45.31,207.97
21-07-2015 00:00,22-07-2015 00:00,33.05,66.34,9.44,35.92,131.62
22-07-2015 00:00,23-07-2015 00:00,27.79,79.19,7.52,32.48,114.93
23-07-2015 00:00,24-07-2015 00:00,26.86,77.37,6.66,28.8,102.44
24-07-2015 00:00,25-07-2015 00:00,36.83,84.62,10.8,38.73,144.43
25-07-2015 00:00,26-07-2015 00:00,35.57,82.54,7.96,37.88,130.83
26-07-2015 00:00,27-07-2015 00:00,20.8,63.98,7.02,28.66,102.97
27-07-2015 00:00,28-07-2015 00:00,16.41,49.47,10.62,33.58,130.25
28-07-2015 00:00,29-07-2015 00:00,15.94,65.32,9.89,32.08,123.4
29-07-2015 00:00,30-07-2015 00:00,7.54,57.9,12.69,36.15,145.25
30-07-2015 00:00,31-07-2015 00:00,13.32,45.07,13.62,32.76,140.08
31-07-2015 00:00,01-08-2015 00:00,21.09,71.5,16.42,28.85,141.12
01-08-2015 00:00,02-08-2015 00:00,24.15,85.84,21.16,29.43,161.58
02-08-2015 00:00,03-08-2015 00:00,31.64,78.45,36.72,29.1,223.02
03-08-2015 00:00,04-08-2015 00:00,33.03,91.81,10.99,25.75,111.25
04-08-2015 00:00,05-08-2015 00:00,38.9,107.82,6.1,38.51,125.01
05-08-2015 00:00,06-08-2015 00:00,52,100.02,24.11,54.13,237.95
06-08-2015 00:00,07-08-2015 00:00,47.07,102.71,15.7,59.25,227.19
07-08-2015 00:00,08-08-2015 00:00,45.89,101.41,19.92,46.16,210.78
08-08-2015 00:00,09-08-2015 00:00,55.2,121.37,27.73,52.77,260.85
09-08-2015 00:00,10-08-2015 00:00,40.09,79.36,20.07,30.62,167.33
10-08-2015 00:00,11-08-2015 00:00,57.58,103.65,35.84,32.11,234.68
11-08-2015 00:00,12-08-2015 00:00,60.22,108.04,25.88,48.74,242.03
12-08-2015 00:00,13-08-2015 00:00,45.72,82.38,16.53,33.48,161.23
13-08-2015 00:00,14-08-2015 00:00,48.51,95,53.64,37.4,320.64
14-08-2015 00:00,15-08-2015 00:00,52.09,101.02,23.55,39.7,207.02
15-08-2015 00:00,16-08-2015 00:00,42.27,73.62,14.66,40.04,172.37
16-08-2015 00:00,17-08-2015 00:00,43.16,73.24,32.45,38.03,237.91
17-08-2015 00:00,18-08-2015 00:00,49.52,86.68,15.56,32.99,156.01
18-08-2015 00:00,19-08-2015 00:00,47.41,95.96,8.61,39.45,146.47
19-08-2015 00:00,20-08-2015 00:00,19.89,66.44,6.79,25.15,98.56
20-08-2015 00:00,21-08-2015 00:00,21.76,96.04,5.39,21.96,47.07
21-08-2015 00:00,22-08-2015 00:00,29.46,123.58,29.42,27.06,64.28
22-08-2015 00:00,23-08-2015 00:00,33.93,125.82,12.51,28.31,42.31
23-08-2015 00:00,24-08-2015 00:00,31.47,101.17,11.26,19.92,33.12
24-08-2015 00:00,25-08-2015 00:00,26.68,91.44,11.34,33.89,45.68
25-08-2015 00:00,26-08-2015 00:00,31.67,112.44,4.72,23.58,27.43
26-08-2015 00:00,27-08-2015 00:00,36.47,121.43,4.61,25.67,29.16
27-08-2015 00:00,28-08-2015 00:00,44.44,130.92,17.9,31.45,52.47
28-08-2015 00:00,29-08-2015 00:00,60.44,163.93,9.46,48.67,56.3
29-08-2015 00:00,30-08-2015 00:00,None,None,5.5,49.85,51.9
30-08-2015 00:00,31-08-2015 00:00,None,None,None,None,None
31-08-2015 00:00,01-09-2015 00:00,37.9,167.58,2.69,18.98,19.81
01-09-2015 00:00,02-09-2015 00:00,49.26,204.98,3.4,22.39,24.59
02-09-2015 00:00,03-09-2015 00:00,66.5,270.39,7.73,23.75,31.69
03-09-2015 00:00,04-09-2015 00:00,55.52,232.55,2.64,14.49,16.51
04-09-2015 00:00,05-09-2015 00:00,40.35,158.01,4.82,36.77,39.34
05-09-2015 00:00,06-09-2015 00:00,49.45,155.84,21.45,33.45,59.1
06-09-2015 00:00,07-09-2015 00:00,31.33,126.26,2.65,26.01,26.8
07-09-2015 00:00,08-09-2015 00:00,34.55,122.66,5.48,33.25,37.12
08-09-2015 00:00,09-09-2015 00:00,37.83,134.34,6.7,26.46,32.74
09-09-2015 00:00,10-09-2015 00:00,33.74,160.11,2.78,28.22,28.95
10-09-2015 00:00,11-09-2015 00:00,38.36,131.54,4.98,37.76,40.45
11-09-2015 00:00,12-09-2015 00:00,46.66,131.9,6.56,40.58,45.13
12-09-2015 00:00,13-09-2015 00:00,66.64,141.15,7.23,37.11,42.94
13-09-2015 00:00,14-09-2015 00:00,73.01,127.28,17.31,26.8,47.54
14-09-2015 00:00,15-09-2015 00:00,109.43,184.05,3.8,39.89,40.74
15-09-2015 00:00,16-09-2015 00:00,89.86,167.12,5.33,47.03,49.19
16-09-2015 00:00,17-09-2015 00:00,87.51,173.01,3.8,38.89,39.85
17-09-2015 00:00,18-09-2015 00:00,96.78,190.87,11.75,42.74,54.12
18-09-2015 00:00,19-09-2015 00:00,46.1,100.58,5.58,27.79,32.37
19-09-2015 00:00,20-09-2015 00:00,68.17,108.8,7.68,29.94,37.15
20-09-2015 00:00,21-09-2015 00:00,51.4,93.12,10.68,24.56,36.48
21-09-2015 00:00,22-09-2015 00:00,39.03,71.15,10,33.09,43.15
22-09-2015 00:00,23-09-2015 00:00,26.45,55.2,5.92,26.03,31.27
23-09-2015 00:00,24-09-2015 00:00,19.64,42.11,2.2,12.79,14.13
24-09-2015 00:00,25-09-2015 00:00,37.01,95.36,15.27,19.89,38.59
25-09-2015 00:00,26-09-2015 00:00,44.92,116.96,20.38,26.43,51.38
26-09-2015 00:00,27-09-2015 00:00,47.88,113.09,36.86,24.38,72.06
27-09-2015 00:00,28-09-2015 00:00,56.41,125.32,24.82,29.34,60.04
28-09-2015 00:00,29-09-2015 00:00,46.21,94.88,5.68,28.61,33.24
29-09-2015 00:00,30-09-2015 00:00,52.36,102.01,4.61,28.81,31.97
30-09-2015 00:00,01-10-2015 00:00,42.02,92.16,2.16,25.15,25.37
01-10-2015 00:00,02-10-2015 00:00,61.46,118.47,9.8,42.54,51.3
02-10-2015 00:00,03-10-2015 00:00,65.92,113.57,6.27,30.85,36.06
03-10-2015 00:00,04-10-2015 00:00,71.81,126.59,6.74,40.34,45.15
04-10-2015 00:00,05-10-2015 00:00,84.18,146.43,57.4,49.99,122.94
05-10-2015 00:00,06-10-2015 00:00,102.54,197,71.73,70.1,160.43
06-10-2015 00:00,07-10-2015 00:00,98.98,183.22,40.09,52.08,101.16
07-10-2015 00:00,08-10-2015 00:00,108.2,180,4.69,52.89,53.53
08-10-2015 00:00,09-10-2015 00:00,99.09,162.03,9.48,47.4,55.17
09-10-2015 00:00,10-10-2015 00:00,79.88,149.9,25.03,55.97,84.07
10-10-2015 00:00,11-10-2015 00:00,65.64,140.89,100.51,52.13,183.71
11-10-2015 00:00,12-10-2015 00:00,62.05,141.37,97.97,43.65,172.69
12-10-2015 00:00,13-10-2015 00:00,63.27,132.2,44.71,44.59,100.8
13-10-2015 00:00,14-10-2015 00:00,83.21,159.65,20.08,47.89,70.1
14-10-2015 00:00,15-10-2015 00:00,69.57,141.26,16.15,43.16,60.53
15-10-2015 00:00,16-10-2015 00:00,80.32,126.72,33.87,42.73,84.34
16-10-2015 00:00,17-10-2015 00:00,117.87,173.18,31.16,48.02,85.35
17-10-2015 00:00,18-10-2015 00:00,None,None,None,None,None
18-10-2015 00:00,19-10-2015 00:00,175.72,251.39,5.92,65.14,66.12
19-10-2015 00:00,20-10-2015 00:00,150.35,228.12,48.96,63.64,123.57
20-10-2015 00:00,21-10-2015 00:00,165.91,243.82,97.02,81.13,204.77
21-10-2015 00:00,22-10-2015 00:00,170.74,243.37,5.86,42.53,45.9
22-10-2015 00:00,23-10-2015 00:00,94.25,164.85,9.1,55.52,61.9
23-10-2015 00:00,24-10-2015 00:00,121.63,199.78,39.97,62.56,110.33
24-10-2015 00:00,25-10-2015 00:00,134.75,208.38,78.53,72.66,171.98
25-10-2015 00:00,26-10-2015 00:00,140.2,227.68,53.27,80.19,144.2
26-10-2015 00:00,27-10-2015 00:00,70.31,147.83,2.84,38.68,38.35
27-10-2015 00:00,28-10-2015 00:00,None,None,None,None,None
28-10-2015 00:00,29-10-2015 00:00,46.43,151.97,50.35,60.68,122.86
29-10-2015 00:00,30-10-2015 00:00,78.25,145.11,16.5,70.82,85.62
30-10-2015 00:00,31-10-2015 00:00,94.48,134.64,23.5,59.15,84.81
31-10-2015 00:00,01-11-2015 00:00,None,None,None,None,None
01-11-2015 00:00,02-11-2015 00:00,178.54,246.57,46.96,89.18,143.6
02-11-2015 00:00,03-11-2015 00:00,191.79,255.87,70.78,91.08,177.8
03-11-2015 00:00,04-11-2015 00:00,243.59,332.75,52.84,108.45,168.78
04-11-2015 00:00,05-11-2015 00:00,248.16,339.59,130.99,119.22,285.1
05-11-2015 00:00,06-11-2015 00:00,141.28,216.78,59.35,81.63,153.76
06-11-2015 00:00,07-11-2015 00:00,144.73,236.27,37,60.63,104.54
07-11-2015 00:00,08-11-2015 00:00,364.23,407.86,24.21,93.41,116.28
08-11-2015 00:00,09-11-2015 00:00,242.6,346.12,17.64,68.53,85.13
09-11-2015 00:00,10-11-2015 00:00,183.91,307.27,73.93,67.17,160.8
10-11-2015 00:00,11-11-2015 00:00,271.92,379.21,74.07,69.02,162.64
11-11-2015 00:00,12-11-2015 00:00,233.82,287.55,8.32,43.01,49.69
12-11-2015 00:00,13-11-2015 00:00,246.28,282.81,13.68,36.98,51.62
13-11-2015 00:00,14-11-2015 00:00,284.31,386.98,9.29,81.78,85.55
14-11-2015 00:00,15-11-2015 00:00,246.92,338.5,14.62,98.64,107.86
15-11-2015 00:00,16-11-2015 00:00,186.91,287.58,75.18,126.71,215.56
16-11-2015 00:00,17-11-2015 00:00,146.56,261.45,90.25,128.75,237.97
17-11-2015 00:00,18-11-2015 00:00,118.46,209.62,18.79,70.4,88.38
18-11-2015 00:00,19-11-2015 00:00,177.82,294.23,50.21,67.9,129.07
19-11-2015 00:00,20-11-2015 00:00,221.04,340.03,130.51,106.8,273.4
20-11-2015 00:00,21-11-2015 00:00,237.2,333.93,229.48,101.92,404.2
21-11-2015 00:00,22-11-2015 00:00,280,350.33,153.32,102.59,300.8
22-11-2015 00:00,23-11-2015 00:00,241.88,345.6,98.13,97.84,221.18
23-11-2015 00:00,24-11-2015 00:00,267,398.89,147.58,126.06,313.86
24-11-2015 00:00,25-11-2015 00:00,201.23,309.49,171.03,103.63,317.28
25-11-2015 00:00,26-11-2015 00:00,150.71,266.01,19.35,61.51,81.24
26-11-2015 00:00,27-11-2015 00:00,153.46,302.36,114.62,109.19,253.81
27-11-2015 00:00,28-11-2015 00:00,195.22,289.54,52.32,84.58,146.81
28-11-2015 00:00,29-11-2015 00:00,224.32,324.89,23.37,56.97,82.68
29-11-2015 00:00,30-11-2015 00:00,256.14,365.36,47.96,70.36,128.18
30-11-2015 00:00,01-12-2015 00:00,287.01,390.49,53.15,87.27,150.33
01-12-2015 00:00,02-12-2015 00:00,185.04,282.76,35.1,77.28,116.79
02-12-2015 00:00,03-12-2015 00:00,167.93,276.38,21.81,71.43,93.43
03-12-2015 00:00,04-12-2015 00:00,215.28,324.67,18.41,75.9,92.76
04-12-2015 00:00,05-12-2015 00:00,168.33,284.11,56.68,63.12,133.64
05-12-2015 00:00,06-12-2015 00:00,214.48,374.03,144.59,102.05,288.4
06-12-2015 00:00,07-12-2015 00:00,227.24,387.22,40.94,90.83,136.83
07-12-2015 00:00,08-12-2015 00:00,253.9,373.47,101.99,83.14,213.35
08-12-2015 00:00,09-12-2015 00:00,269.99,372.73,180.84,100.42,336.43
09-12-2015 00:00,10-12-2015 00:00,261.04,376.02,122.38,95.98,252.64
10-12-2015 00:00,11-12-2015 00:00,223.77,337.54,53.4,79.32,143.58
11-12-2015 00:00,12-12-2015 00:00,219.35,322.77,32.48,58.66,96.62
12-12-2015 00:00,13-12-2015 00:00,212.29,321.61,22.2,52.33,76.94
13-12-2015 00:00,14-12-2015 00:00,138.64,231.11,43.87,46.62,103.49
14-12-2015 00:00,15-12-2015 00:00,173.12,374.02,53.5,52.71,131.16
15-12-2015 00:00,16-12-2015 00:00,None,None,None,None,None
16-12-2015 00:00,17-12-2015 00:00,None,None,None,None,None
17-12-2015 00:00,18-12-2015 00:00,None,None,None,None,None
18-12-2015 00:00,19-12-2015 00:00,None,None,None,None,None
19-12-2015 00:00,20-12-2015 00:00,None,None,None,None,None
20-12-2015 00:00,21-12-2015 00:00,None,None,None,None,None
21-12-2015 00:00,22-12-2015 00:00,None,None,None,None,None
22-12-2015 00:00,23-12-2015 00:00,212.03,375.41,148.37,126.84,312.47
23-12-2015 00:00,24-12-2015 00:00,339.53,464.25,151.29,94.16,290.49
24-12-2015 00:00,25-12-2015 00:00,95.95,194.55,4.55,67.17,66.05
25-12-2015 00:00,26-12-2015 00:00,145.06,233.31,12.81,57.53,68.76
26-12-2015 00:00,27-12-2015 00:00,155.31,259.93,16.21,60.06,75.65
27-12-2015 00:00,28-12-2015 00:00,186.43,319.37,3.55,47.36,47.03
28-12-2015 00:00,29-12-2015 00:00,167.15,294.73,1.36,28.76,27.47
29-12-2015 00:00,30-12-2015 00:00,157.38,274.49,6.02,29.43,34.44
30-12-2015 00:00,31-12-2015 00:00,191.04,291.84,55.91,63.71,133.12
31-12-2015 00:00,01-01-2016 00:00,194.51,321.15,66.62,85.55,167.2
01-01-2016 00:00,01-01-2016 00:00,204,442,None,None,None
,,,,,,
Prescribed Standards, ,0-400,0-80,0-4,0-180,0-5
Exceeding Standards, ,NA,NA,NA,NA,NA
Remarks,,,,,,
From Date,To Date,NH3,SO2,CO,Ozone,Benzene
01-01-2015 00:00,02-01-2015 00:00,None,None,None,None,None
02-01-2015 00:00,03-01-2015 00:00,None,None,None,None,None
03-01-2015 00:00,04-01-2015 00:00,None,None,None,None,None
04-01-2015 00:00,05-01-2015 00:00,None,None,None,None,None
05-01-2015 00:00,06-01-2015 00:00,None,None,None,None,None
06-01-2015 00:00,07-01-2015 00:00,None,None,None,None,None
07-01-2015 00:00,08-01-2015 00:00,None,None,None,None,None
08-01-2015 00:00,09-01-2015 00:00,None,None,None,None,None
09-01-2015 00:00,10-01-2015 00:00,None,None,None,None,None
10-01-2015 00:00,11-01-2015 00:00,None,None,None,None,None
11-01-2015 00:00,12-01-2015 00:00,None,None,None,None,None
12-01-2015 00:00,13-01-2015 00:00,None,None,None,None,None
13-01-2015 00:00,14-01-2015 00:00,None,None,None,None,None
14-01-2015 00:00,15-01-2015 00:00,None,None,None,None,None
15-01-2015 00:00,16-01-2015 00:00,None,None,None,None,None
16-01-2015 00:00,17-01-2015 00:00,None,None,None,None,None
17-01-2015 00:00,18-01-2015 00:00,None,None,None,None,None
18-01-2015 00:00,19-01-2015 00:00,None,None,None,None,None
19-01-2015 00:00,20-01-2015 00:00,None,None,None,None,None
20-01-2015 00:00,21-01-2015 00:00,None,None,None,None,None
21-01-2015 00:00,22-01-2015 00:00,None,None,None,None,None
22-01-2015 00:00,23-01-2015 00:00,None,None,None,None,None
23-01-2015 00:00,24-01-2015 00:00,None,None,None,None,None
24-01-2015 00:00,25-01-2015 00:00,None,None,None,None,None
25-01-2015 00:00,26-01-2015 00:00,None,None,None,None,None
26-01-2015 00:00,27-01-2015 00:00,None,None,None,None,None
27-01-2015 00:00,28-01-2015 00:00,None,None,None,None,None
28-01-2015 00:00,29-01-2015 00:00,None,None,None,None,None
29-01-2015 00:00,30-01-2015 00:00,None,None,None,None,None
30-01-2015 00:00,31-01-2015 00:00,None,None,None,None,None
31-01-2015 00:00,01-02-2015 00:00,None,None,None,None,None
01-02-2015 00:00,02-02-2015 00:00,None,None,None,None,None
02-02-2015 00:00,03-02-2015 00:00,None,None,None,None,None
03-02-2015 00:00,04-02-2015 00:00,None,None,None,None,None
04-02-2015 00:00,05-02-2015 00:00,None,None,None,None,None
05-02-2015 00:00,06-02-2015 00:00,None,None,None,None,None
06-02-2015 00:00,07-02-2015 00:00,None,None,None,None,None
07-02-2015 00:00,08-02-2015 00:00,None,None,None,None,None
08-02-2015 00:00,09-02-2015 00:00,None,None,None,None,None
09-02-2015 00:00,10-02-2015 00:00,None,None,None,None,None
10-02-2015 00:00,11-02-2015 00:00,None,None,None,None,None
11-02-2015 00:00,12-02-2015 00:00,None,None,None,None,None
12-02-2015 00:00,13-02-2015 00:00,None,None,None,None,None
13-02-2015 00:00,14-02-2015 00:00,None,None,None,None,None
14-02-2015 00:00,15-02-2015 00:00,None,None,None,None,None
15-02-2015 00:00,16-02-2015 00:00,None,None,None,None,None
16-02-2015 00:00,17-02-2015 00:00,None,None,None,None,None
17-02-2015 00:00,18-02-2015 00:00,None,None,None,None,None
18-02-2015 00:00,19-02-2015 00:00,None,None,None,None,None
19-02-2015 00:00,20-02-2015 00:00,None,None,None,None,None
20-02-2015 00:00,21-02-2015 00:00,None,None,None,None,None
21-02-2015 00:00,22-02-2015 00:00,None,None,None,None,None
22-02-2015 00:00,23-02-2015 00:00,None,None,None,None,None
23-02-2015 00:00,24-02-2015 00:00,None,None,None,None,None
24-02-2015 00:00,25-02-2015 00:00,None,None,None,None,None
25-02-2015 00:00,26-02-2015 00:00,None,None,None,None,None
26-02-2015 00:00,27-02-2015 00:00,None,None,None,None,None
27-02-2015 00:00,28-02-2015 00:00,None,None,None,None,None
28-02-2015 00:00,01-03-2015 00:00,None,None,None,None,None
01-03-2015 00:00,02-03-2015 00:00,None,None,None,None,None
02-03-2015 00:00,03-03-2015 00:00,None,None,None,None,None
03-03-2015 00:00,04-03-2015 00:00,None,None,None,None,None
04-03-2015 00:00,05-03-2015 00:00,None,None,None,None,None
05-03-2015 00:00,06-03-2015 00:00,None,None,None,None,None
06-03-2015 00:00,07-03-2015 00:00,None,None,None,None,None
07-03-2015 00:00,08-03-2015 00:00,None,None,None,None,None
08-03-2015 00:00,09-03-2015 00:00,None,None,None,None,None
09-03-2015 00:00,10-03-2015 00:00,None,None,None,None,None
10-03-2015 00:00,11-03-2015 00:00,None,None,None,None,None
11-03-2015 00:00,12-03-2015 00:00,None,None,None,None,None
12-03-2015 00:00,13-03-2015 00:00,None,None,None,None,None
13-03-2015 00:00,14-03-2015 00:00,None,None,None,None,None
14-03-2015 00:00,15-03-2015 00:00,None,None,None,None,None
15-03-2015 00:00,16-03-2015 00:00,None,None,None,None,None
16-03-2015 00:00,17-03-2015 00:00,None,None,None,None,None
17-03-2015 00:00,18-03-2015 00:00,None,None,None,None,None
18-03-2015 00:00,19-03-2015 00:00,None,None,None,None,None
19-03-2015 00:00,20-03-2015 00:00,None,None,None,None,None
20-03-2015 00:00,21-03-2015 00:00,None,None,None,None,None
21-03-2015 00:00,22-03-2015 00:00,None,None,None,None,None
22-03-2015 00:00,23-03-2015 00:00,None,None,None,None,None
23-03-2015 00:00,24-03-2015 00:00,None,None,None,None,None
24-03-2015 00:00,25-03-2015 00:00,None,None,None,None,None
25-03-2015 00:00,26-03-2015 00:00,None,None,None,None,None
26-03-2015 00:00,27-03-2015 00:00,None,None,None,None,None
27-03-2015 00:00,28-03-2015 00:00,None,None,None,None,None
28-03-2015 00:00,29-03-2015 00:00,None,None,None,None,None
29-03-2015 00:00,30-03-2015 00:00,None,None,None,None,None
30-03-2015 00:00,31-03-2015 00:00,None,None,None,None,None
31-03-2015 00:00,01-04-2015 00:00,None,None,None,None,None
01-04-2015 00:00,02-04-2015 00:00,None,None,None,None,None
02-04-2015 00:00,03-04-2015 00:00,None,None,None,None,None
03-04-2015 00:00,04-04-2015 00:00,None,None,None,None,None
04-04-2015 00:00,05-04-2015 00:00,None,None,None,None,None
05-04-2015 00:00,06-04-2015 00:00,None,None,None,None,None
06-04-2015 00:00,07-04-2015 00:00,None,None,None,None,None
07-04-2015 00:00,08-04-2015 00:00,None,None,None,None,None
08-04-2015 00:00,09-04-2015 00:00,None,None,None,None,None
09-04-2015 00:00,10-04-2015 00:00,55.95,18.74,0.74,67.59,4.45
10-04-2015 00:00,11-04-2015 00:00,49.53,19.4,0.99,78.08,4.54
11-04-2015 00:00,12-04-2015 00:00,51.64,22.79,3.63,85.47,4.67
12-04-2015 00:00,13-04-2015 00:00,None,19,None,27.5,None
13-04-2015 00:00,14-04-2015 00:00,56.29,11.41,0.79,65.38,1.92
14-04-2015 00:00,15-04-2015 00:00,50.24,14.96,0.82,61.33,2.39
15-04-2015 00:00,16-04-2015 00:00,49.89,21.94,17.77,6.4,2.73
16-04-2015 00:00,17-04-2015 00:00,56.6,29.82,4.83,24.89,4.09
17-04-2015 00:00,18-04-2015 00:00,41.08,14.8,2.66,93.47,3.68
18-04-2015 00:00,19-04-2015 00:00,41.42,25.9,5.81,94.38,6.7
19-04-2015 00:00,20-04-2015 00:00,49.08,24.3,4.08,71.65,4.51
20-04-2015 00:00,21-04-2015 00:00,43.27,26.63,2.41,63.17,3.24
21-04-2015 00:00,22-04-2015 00:00,34.56,29.46,1.54,74.55,4.05
22-04-2015 00:00,23-04-2015 00:00,27.62,28.52,0.76,94.66,5.1
23-04-2015 00:00,24-04-2015 00:00,26.69,31.9,1.02,138.88,4.69
24-04-2015 00:00,25-04-2015 00:00,35.74,36.75,1.43,116.39,6.03
25-04-2015 00:00,26-04-2015 00:00,32.48,21.32,0.66,87.21,2.65
26-04-2015 00:00,27-04-2015 00:00,30.7,14.55,4.14,107.36,1.61
27-04-2015 00:00,28-04-2015 00:00,32.77,14.44,0.64,91.52,1.63
28-04-2015 00:00,29-04-2015 00:00,29.55,21.07,0.59,105.21,1.73
29-04-2015 00:00,30-04-2015 00:00,27.26,22.1,0.64,100.98,1.82
30-04-2015 00:00,01-05-2015 00:00,25.97,17.62,0.63,104.4,1.78
01-05-2015 00:00,02-05-2015 00:00,26.13,22.45,3.26,105.63,2.86
02-05-2015 00:00,03-05-2015 00:00,21.59,28,9.17,114.27,3.63
03-05-2015 00:00,04-05-2015 00:00,21.62,33.2,17,125.72,3.92
04-05-2015 00:00,05-05-2015 00:00,23.19,32.56,1.27,84.32,4.24
05-05-2015 00:00,06-05-2015 00:00,29.02,48.99,1.57,123.88,6.11
06-05-2015 00:00,07-05-2015 00:00,29.1,38.29,1.18,96.85,5.73
07-05-2015 00:00,08-05-2015 00:00,22.27,36.96,0.76,92.7,5.06
08-05-2015 00:00,09-05-2015 00:00,17.5,30.67,0.78,87.08,3.7
09-05-2015 00:00,10-05-2015 00:00,23.26,33.4,1.44,71.24,3.16
10-05-2015 00:00,11-05-2015 00:00,31.02,30.16,6.37,24.15,3.58
11-05-2015 00:00,12-05-2015 00:00,34.07,32.12,1.34,146.21,2.55
12-05-2015 00:00,13-05-2015 00:00,36.64,28.16,0.66,89.91,2.27
13-05-2015 00:00,14-05-2015 00:00,48.61,32.22,24.48,40.11,2.22
14-05-2015 00:00,15-05-2015 00:00,44.63,18.34,0.76,131.16,2.78
15-05-2015 00:00,16-05-2015 00:00,48.41,25.1,3.95,103.85,3.3
16-05-2015 00:00,17-05-2015 00:00,49.31,26.65,1.42,114.95,3.59
17-05-2015 00:00,18-05-2015 00:00,None,35.1,10.76,103.74,3.28
18-05-2015 00:00,19-05-2015 00:00,None,27,34.75,139.79,3.12
19-05-2015 00:00,20-05-2015 00:00,None,25.07,None,79.57,3.06
20-05-2015 00:00,21-05-2015 00:00,None,25.15,None,97.46,3.24
21-05-2015 00:00,22-05-2015 00:00,None,26.82,None,104.44,3.85
22-05-2015 00:00,23-05-2015 00:00,18.4,21.97,None,107.5,2.48
23-05-2015 00:00,24-05-2015 00:00,10.14,12.19,None,85,2.24
24-05-2015 00:00,25-05-2015 00:00,12.6,28.95,None,113.37,2.79
25-05-2015 00:00,26-05-2015 00:00,9.52,10.82,None,84.41,2
26-05-2015 00:00,27-05-2015 00:00,10.42,7.28,None,81.15,1.75
27-05-2015 00:00,28-05-2015 00:00,21.23,18.94,None,133.07,3.85
28-05-2015 00:00,29-05-2015 00:00,30.04,14.42,None,38.95,4.98
29-05-2015 00:00,30-05-2015 00:00,31.19,19.38,0.79,65.36,3.96
30-05-2015 00:00,31-05-2015 00:00,35.75,30.18,6.74,54.78,4.72
31-05-2015 00:00,01-06-2015 00:00,24.64,17.29,3.79,85.65,2.11
01-06-2015 00:00,02-06-2015 00:00,28.01,8.57,0.79,67.71,1.82
02-06-2015 00:00,03-06-2015 00:00,34.86,5.36,3.52,96.18,1.73
03-06-2015 00:00,04-06-2015 00:00,53.86,5.02,0.66,27.89,2.95
04-06-2015 00:00,05-06-2015 00:00,56.43,7.36,1,54.8,3.07
05-06-2015 00:00,06-06-2015 00:00,56.09,7.27,35.3,1.24,6.51
06-06-2015 00:00,07-06-2015 00:00,34.37,10.85,0.97,59.23,3.72
07-06-2015 00:00,08-06-2015 00:00,32.34,16.08,0.79,63.26,2.8
08-06-2015 00:00,09-06-2015 00:00,38.58,10.8,0.69,96.16,2.66
09-06-2015 00:00,10-06-2015 00:00,26.79,10.15,0.36,80.53,1.77
10-06-2015 00:00,11-06-2015 00:00,33.75,3.08,0.41,14.02,1.5
11-06-2015 00:00,12-06-2015 00:00,30.07,7.6,0.54,32.64,1.99
12-06-2015 00:00,13-06-2015 00:00,30.68,1.59,0.52,17.59,2.02
13-06-2015 00:00,14-06-2015 00:00,28.6,2.3,0.92,8.87,2.02
14-06-2015 00:00,15-06-2015 00:00,56.78,2.66,0.71,19.83,2.1
15-06-2015 00:00,16-06-2015 00:00,60.72,3.51,0.9,44.56,2.37
16-06-2015 00:00,17-06-2015 00:00,50.75,3.86,0.95,18.11,4.01
17-06-2015 00:00,18-06-2015 00:00,45.36,5.35,0.91,19.71,3
18-06-2015 00:00,19-06-2015 00:00,52.62,6.17,1.24,33.51,3.75
19-06-2015 00:00,20-06-2015 00:00,53.8,6.8,0.83,27.14,2.52
20-06-2015 00:00,21-06-2015 00:00,47.99,None,0.65,30.27,1.58
21-06-2015 00:00,22-06-2015 00:00,41.43,None,0.84,32.64,2.11
22-06-2015 00:00,23-06-2015 00:00,41.42,None,0.85,39.08,1.99
23-06-2015 00:00,24-06-2015 00:00,51.96,None,0.91,75.33,2.78
24-06-2015 00:00,25-06-2015 00:00,46.68,None,0.81,53.9,2.25
25-06-2015 00:00,26-06-2015 00:00,42.98,None,0.7,43.63,1.65
26-06-2015 00:00,27-06-2015 00:00,32.55,None,0.62,27.62,1.45
27-06-2015 00:00,28-06-2015 00:00,28.27,None,0.45,8.93,1.02
28-06-2015 00:00,29-06-2015 00:00,29,None,0.64,11.71,1.14
29-06-2015 00:00,30-06-2015 00:00,33.46,None,0.53,11.11,0.69
30-06-2015 00:00,01-07-2015 00:00,29.37,None,0.59,21.57,1.37
01-07-2015 00:00,02-07-2015 00:00,29.1,None,0.55,29.1,1.29
02-07-2015 00:00,03-07-2015 00:00,29.32,6.05,0.55,10.51,1.91
03-07-2015 00:00,04-07-2015 00:00,24.83,11.25,0.46,6.87,0.93
04-07-2015 00:00,05-07-2015 00:00,22.92,10.79,0.46,6.7,0.33
05-07-2015 00:00,06-07-2015 00:00,27.75,13.02,0.55,9.66,0.86
06-07-2015 00:00,07-07-2015 00:00,24.98,13.26,0.65,11.07,0.84
07-07-2015 00:00,08-07-2015 00:00,34.11,12.9,0.83,16.36,1.51
08-07-2015 00:00,09-07-2015 00:00,30.9,14.39,0.63,19.47,1.49
09-07-2015 00:00,10-07-2015 00:00,38.37,14.37,0.91,28.27,2.66
10-07-2015 00:00,11-07-2015 00:00,37.36,14.16,0.8,35.89,1.76
11-07-2015 00:00,12-07-2015 00:00,27.85,14,0.77,32.19,2.5
12-07-2015 00:00,13-07-2015 00:00,26.01,12.67,0.96,7.27,1.77
13-07-2015 00:00,14-07-2015 00:00,27.18,13.11,0.62,8.83,1.34
14-07-2015 00:00,15-07-2015 00:00,34.56,13.83,0.54,6.15,1.22
15-07-2015 00:00,16-07-2015 00:00,29.59,14.5,0.43,6.63,0.63
16-07-2015 00:00,17-07-2015 00:00,26.51,14.32,0.52,24.83,0.72
17-07-2015 00:00,18-07-2015 00:00,36.86,14.31,0.86,17.09,1.14
18-07-2015 00:00,19-07-2015 00:00,47.44,14.98,0.89,19.72,1.69
19-07-2015 00:00,20-07-2015 00:00,39.39,13.97,0.77,17.99,1.59
20-07-2015 00:00,21-07-2015 00:00,37.18,14.27,0.9,16.75,1.43
21-07-2015 00:00,22-07-2015 00:00,33.28,14.24,0.65,10.7,0.81
22-07-2015 00:00,23-07-2015 00:00,36.13,13.89,0.56,10.09,0.72
23-07-2015 00:00,24-07-2015 00:00,40.59,13.35,0.54,9.17,0.62
24-07-2015 00:00,25-07-2015 00:00,37.22,14.06,0.63,10.88,0.84
25-07-2015 00:00,26-07-2015 00:00,41.49,11.35,0.59,12.98,0.71
26-07-2015 00:00,27-07-2015 00:00,34.4,13.96,0.42,14.91,0.42
27-07-2015 00:00,28-07-2015 00:00,31.86,13.69,0.54,9.51,0.51
28-07-2015 00:00,29-07-2015 00:00,29.68,11.99,0.43,9.71,0.46
29-07-2015 00:00,30-07-2015 00:00,27.35,12.55,0.47,11.03,0.6
30-07-2015 00:00,31-07-2015 00:00,32.25,12.56,0.51,10.03,0.52
31-07-2015 00:00,01-08-2015 00:00,26.35,12.49,0.45,9.45,0.53
01-08-2015 00:00,02-08-2015 00:00,23.53,13.38,0.51,10.43,0.85
02-08-2015 00:00,03-08-2015 00:00,24.68,13.33,0.54,13.73,0.93
03-08-2015 00:00,04-08-2015 00:00,29.19,13.98,0.54,13.95,1.5
04-08-2015 00:00,05-08-2015 00:00,32.55,13.69,0.59,15.7,1.34
05-08-2015 00:00,06-08-2015 00:00,47.06,14.55,1,29.14,2.62
06-08-2015 00:00,07-08-2015 00:00,44.17,13.34,0.72,17.02,1.42
07-08-2015 00:00,08-08-2015 00:00,45.29,13.31,0.75,16.64,1.49
08-08-2015 00:00,09-08-2015 00:00,48.26,7.57,0.83,15.64,1.91
09-08-2015 00:00,10-08-2015 00:00,42.49,4.12,0.78,18.51,1.83
10-08-2015 00:00,11-08-2015 00:00,34.87,3.44,1.06,9.17,3.22
11-08-2015 00:00,12-08-2015 00:00,43.86,4.09,0.87,8.92,2.38
12-08-2015 00:00,13-08-2015 00:00,39.91,4.22,0.67,8.34,1.16
13-08-2015 00:00,14-08-2015 00:00,34.26,5.56,1.06,28.08,2.47
14-08-2015 00:00,15-08-2015 00:00,40.2,3.12,0.87,13.23,2.51
15-08-2015 00:00,16-08-2015 00:00,34.68,3.3,0.67,9.44,1.38
16-08-2015 00:00,17-08-2015 00:00,31.05,3.42,0.76,9.04,1.7
17-08-2015 00:00,18-08-2015 00:00,29.37,3.79,0.65,8.29,1.44
18-08-2015 00:00,19-08-2015 00:00,31.57,3.69,0.59,8.18,1.57
19-08-2015 00:00,20-08-2015 00:00,24.97,2.94,0.44,7.02,0.62
20-08-2015 00:00,21-08-2015 00:00,20.85,4.24,0.42,7.08,0.52
21-08-2015 00:00,22-08-2015 00:00,22.99,6.51,0.64,6.7,0.91
22-08-2015 00:00,23-08-2015 00:00,24.91,4.88,0.5,7.25,1.49
23-08-2015 00:00,24-08-2015 00:00,23.59,5.01,0.49,10.3,0.98
24-08-2015 00:00,25-08-2015 00:00,20.49,5.08,0.51,7.42,1.27
25-08-2015 00:00,26-08-2015 00:00,21.11,6.91,0.43,7.62,1.19
26-08-2015 00:00,27-08-2015 00:00,22.67,8.81,0.36,6.83,1.32
27-08-2015 00:00,28-08-2015 00:00,22.41,8.85,0.52,7.71,1.59
28-08-2015 00:00,29-08-2015 00:00,27.88,9.16,0.56,12.44,1.57
29-08-2015 00:00,30-08-2015 00:00,25.2,9.2,0.55,3.75,2.35
30-08-2015 00:00,31-08-2015 00:00,None,None,None,None,None
31-08-2015 00:00,01-09-2015 00:00,19.56,11.58,0.44,9.19,1.05
01-09-2015 00:00,02-09-2015 00:00,17.9,9.95,0.31,11.54,1.04
02-09-2015 00:00,03-09-2015 00:00,16.8,11.11,0.38,13,1.15
03-09-2015 00:00,04-09-2015 00:00,15.45,8.53,0.25,16,0.6
04-09-2015 00:00,05-09-2015 00:00,18.75,9.57,0.49,14.12,2.03
05-09-2015 00:00,06-09-2015 00:00,23.46,10.06,0.43,15.66,1.44
06-09-2015 00:00,07-09-2015 00:00,21.44,8.93,0.26,39.43,1
07-09-2015 00:00,08-09-2015 00:00,23.79,9,0.37,31.66,1.24
08-09-2015 00:00,09-09-2015 00:00,23.42,8.31,0.34,42.8,1.62
09-09-2015 00:00,10-09-2015 00:00,22.08,8.88,0.33,50.11,1.53
10-09-2015 00:00,11-09-2015 00:00,23.95,9.22,0.38,52.53,1.63
11-09-2015 00:00,12-09-2015 00:00,28.27,9.55,0.46,65.32,1.59
12-09-2015 00:00,13-09-2015 00:00,27.82,9.33,0.54,33.33,2.16
13-09-2015 00:00,14-09-2015 00:00,26.36,10.06,0.57,33.78,1.62
14-09-2015 00:00,15-09-2015 00:00,27.87,9.43,0.59,47.23,2.28
15-09-2015 00:00,16-09-2015 00:00,29.94,9.91,0.58,34.16,2.23
16-09-2015 00:00,17-09-2015 00:00,33.02,9.4,0.41,25.6,1.48
17-09-2015 00:00,18-09-2015 00:00,31.34,7.74,0.52,28.32,2.53
18-09-2015 00:00,19-09-2015 00:00,28.17,8.29,0.34,14.38,1.77
19-09-2015 00:00,20-09-2015 00:00,33.71,8.18,0.46,16.63,1.97
20-09-2015 00:00,21-09-2015 00:00,30.87,8.51,0.35,35.46,1.36
21-09-2015 00:00,22-09-2015 00:00,22.92,8.49,0.35,20.95,1.17
22-09-2015 00:00,23-09-2015 00:00,23.18,8.99,0.23,14.56,0.66
23-09-2015 00:00,24-09-2015 00:00,16.69,9,0.34,20.08,0.97
24-09-2015 00:00,25-09-2015 00:00,13.59,8.59,0.6,24.55,1.48
25-09-2015 00:00,26-09-2015 00:00,15.46,8.71,0.74,24.61,2.05
26-09-2015 00:00,27-09-2015 00:00,16.58,8.75,0.92,23.56,2.46
27-09-2015 00:00,28-09-2015 00:00,16.82,8.23,0.75,38.42,1.87
28-09-2015 00:00,29-09-2015 00:00,17.99,8.7,0.69,29.2,1.4
29-09-2015 00:00,30-09-2015 00:00,19.02,8.68,0.69,36.09,1.78
30-09-2015 00:00,01-10-2015 00:00,16.05,9.26,0.6,33.09,1.77
01-10-2015 00:00,02-10-2015 00:00,18.03,10.1,0.82,34.83,2.83
02-10-2015 00:00,03-10-2015 00:00,19.23,8.6,0.71,42.25,2.49
03-10-2015 00:00,04-10-2015 00:00,21.14,9.12,0.92,42.35,2.99
04-10-2015 00:00,05-10-2015 00:00,20.12,9.85,1.41,37.52,3.59
05-10-2015 00:00,06-10-2015 00:00,20.44,13.2,1.53,55.07,4.43
06-10-2015 00:00,07-10-2015 00:00,24.72,11.15,1.18,40.41,4.28
07-10-2015 00:00,08-10-2015 00:00,28.14,9.44,0.97,43.18,2.57
08-10-2015 00:00,09-10-2015 00:00,25.22,9.57,0.96,39.79,3.5
09-10-2015 00:00,10-10-2015 00:00,21.06,11.31,1.06,40.59,3.6
10-10-2015 00:00,11-10-2015 00:00,18.48,13.84,1.36,29.9,3.63
11-10-2015 00:00,12-10-2015 00:00,18.58,11.61,1.36,31.28,3.09
12-10-2015 00:00,13-10-2015 00:00,20.9,10.62,1.06,39.14,3.06
13-10-2015 00:00,14-10-2015 00:00,29.05,11.95,0.9,38.35,2.24
14-10-2015 00:00,15-10-2015 00:00,27.59,10.68,0.87,32.43,1.6
15-10-2015 00:00,16-10-2015 00:00,32.42,9.87,0.98,45.1,3.17
16-10-2015 00:00,17-10-2015 00:00,33.62,10.64,1.09,58.4,3.76
17-10-2015 00:00,18-10-2015 00:00,None,None,None,None,None
18-10-2015 00:00,19-10-2015 00:00,34.34,12.26,1.41,104.83,3.86
19-10-2015 00:00,20-10-2015 00:00,30.28,10.98,1.47,59.83,4.25
20-10-2015 00:00,21-10-2015 00:00,31.22,13.65,2,46.36,5.31
21-10-2015 00:00,22-10-2015 00:00,28.31,13.01,0.81,73.8,2.72
22-10-2015 00:00,23-10-2015 00:00,21.09,13.97,1.11,68.38,4.38
23-10-2015 00:00,24-10-2015 00:00,23.95,16.05,1.29,61.32,4.25
24-10-2015 00:00,25-10-2015 00:00,24.51,16.78,1.62,64.52,5.12
25-10-2015 00:00,26-10-2015 00:00,27.08,17.75,1.2,53.64,3.17
26-10-2015 00:00,27-10-2015 00:00,24.75,15.84,0.62,80.6,1.4
27-10-2015 00:00,28-10-2015 00:00,None,None,None,None,None
28-10-2015 00:00,29-10-2015 00:00,21.45,8.4,1.06,18.56,2.61
29-10-2015 00:00,30-10-2015 00:00,24.82,17.91,0.91,52.8,2.57
30-10-2015 00:00,31-10-2015 00:00,27.73,14.72,0.68,25.77,1.85
31-10-2015 00:00,01-11-2015 00:00,None,None,None,None,None
01-11-2015 00:00,02-11-2015 00:00,31.13,17.96,1.76,79.91,5.17
02-11-2015 00:00,03-11-2015 00:00,32.82,25.55,1.77,90.04,5.69
03-11-2015 00:00,04-11-2015 00:00,42.05,17.33,1.8,49.32,6.29
04-11-2015 00:00,05-11-2015 00:00,46.38,29.28,2.47,63.88,6.51
05-11-2015 00:00,06-11-2015 00:00,39.62,31.18,1.28,28.03,3.75
06-11-2015 00:00,07-11-2015 00:00,44.2,16.14,1.23,48.54,3.45
07-11-2015 00:00,08-11-2015 00:00,67.3,16.35,1.88,50.94,5.43
08-11-2015 00:00,09-11-2015 00:00,52.03,32.87,None,47.04,4.6
09-11-2015 00:00,10-11-2015 00:00,59.31,25.82,1.92,85.85,6.22
10-11-2015 00:00,11-11-2015 00:00,82.22,24.98,2.14,56.45,7.36
11-11-2015 00:00,12-11-2015 00:00,69.03,50.31,1.16,62.49,3.45
12-11-2015 00:00,13-11-2015 00:00,90.56,30.72,1.33,85.36,3.3
13-11-2015 00:00,14-11-2015 00:00,103.65,18.72,1.62,72.97,4.13
14-11-2015 00:00,15-11-2015 00:00,119.58,18.58,1.41,64.29,3.8
15-11-2015 00:00,16-11-2015 00:00,125.73,19.99,1.76,81.87,4.16
16-11-2015 00:00,17-11-2015 00:00,127.19,22.94,1.68,50.24,4.5
17-11-2015 00:00,18-11-2015 00:00,61.1,21.61,1.14,81.95,3.23
18-11-2015 00:00,19-11-2015 00:00,25.78,21.48,1.67,60.73,5.09
19-11-2015 00:00,20-11-2015 00:00,32.84,25.55,2.72,49.88,7.94
20-11-2015 00:00,21-11-2015 00:00,32.01,25.22,3.61,48.65,11.88
21-11-2015 00:00,22-11-2015 00:00,34.57,22.25,3.07,64.92,10.17
22-11-2015 00:00,23-11-2015 00:00,32.1,19.5,2.11,58.3,7.41
23-11-2015 00:00,24-11-2015 00:00,32.7,23.34,3,53.17,8.51
24-11-2015 00:00,25-11-2015 00:00,31.41,20.84,2.78,36.96,11.13
25-11-2015 00:00,26-11-2015 00:00,30.21,18.91,0.84,57.42,4.95
26-11-2015 00:00,27-11-2015 00:00,31.02,31.53,1.58,20.57,4.44
27-11-2015 00:00,28-11-2015 00:00,39.44,26.53,1.46,24.14,5.47
28-11-2015 00:00,29-11-2015 00:00,42.94,16.57,1.03,19.14,3.77
29-11-2015 00:00,30-11-2015 00:00,50.07,20.55,1.94,32.25,5.36
30-11-2015 00:00,01-12-2015 00:00,46.65,18.8,1.98,32.01,6.44
01-12-2015 00:00,02-12-2015 00:00,39.31,14.6,1.21,27.97,3.82
02-12-2015 00:00,03-12-2015 00:00,33.49,15.43,1.06,38.91,4.77
03-12-2015 00:00,04-12-2015 00:00,33.75,17.49,1.16,44.44,4.34
04-12-2015 00:00,05-12-2015 00:00,28.85,14.78,1.58,51.39,5.36
05-12-2015 00:00,06-12-2015 00:00,34.2,21.46,2.17,54.13,8.53
06-12-2015 00:00,07-12-2015 00:00,39.15,24.29,1.69,61.65,4.39
07-12-2015 00:00,08-12-2015 00:00,34.16,13.73,1.83,30.26,4.44
08-12-2015 00:00,09-12-2015 00:00,31.71,14.62,2.82,39.8,6.76
09-12-2015 00:00,10-12-2015 00:00,31.93,15.77,2.77,30.27,5.67
10-12-2015 00:00,11-12-2015 00:00,32.59,14.97,2.59,29.54,4.27
11-12-2015 00:00,12-12-2015 00:00,27.46,11.46,2.23,42.54,4.14
12-12-2015 00:00,13-12-2015 00:00,24.45,7.96,2.28,20.5,4.63
13-12-2015 00:00,14-12-2015 00:00,18.04,12.17,2.36,53.3,4.48
14-12-2015 00:00,15-12-2015 00:00,21.41,11.42,2.17,20.6,4.89
15-12-2015 00:00,16-12-2015 00:00,None,None,None,None,None
16-12-2015 00:00,17-12-2015 00:00,None,None,None,None,None
17-12-2015 00:00,18-12-2015 00:00,None,None,None,None,None
18-12-2015 00:00,19-12-2015 00:00,None,None,None,None,None
19-12-2015 00:00,20-12-2015 00:00,None,None,None,None,None
20-12-2015 00:00,21-12-2015 00:00,None,None,None,None,None
21-12-2015 00:00,22-12-2015 00:00,None,None,None,None,None
22-12-2015 00:00,23-12-2015 00:00,43.5,11.84,2.32,7.69,4.71
23-12-2015 00:00,24-12-2015 00:00,59.36,25.24,2.92,30.71,8.7
24-12-2015 00:00,25-12-2015 00:00,28.63,14.35,0.95,37.23,3.76
25-12-2015 00:00,26-12-2015 00:00,33.61,16.98,1.08,45.72,3.75
26-12-2015 00:00,27-12-2015 00:00,36.46,20.31,1.09,54.25,4.35
27-12-2015 00:00,28-12-2015 00:00,31.51,21.86,0.94,44.27,4.3
28-12-2015 00:00,29-12-2015 00:00,23.4,22.68,0.91,58.42,3.36
29-12-2015 00:00,30-12-2015 00:00,21.03,24.12,1.04,48.17,3.8
30-12-2015 00:00,31-12-2015 00:00,29.87,20.82,1.79,32.23,6.05
31-12-2015 00:00,01-01-2016 00:00,37.33,24.74,1.61,39.51,6.05
01-01-2016 00:00,01-01-2016 00:00,None,16.7,2.4,8.75,6.25
,,,,,,
Prescribed Standards, ,0-5,NA,NA,NA,NA
Exceeding Standards, ,NA,NA,NA,NA,NA
Remarks,,,,,,
From Date,To Date,Toluene,Temp,RH,WS,WD
01-01-2015 00:00,02-01-2015 00:00,None,None,None,None,None
02-01-2015 00:00,03-01-2015 00:00,None,None,None,None,None
03-01-2015 00:00,04-01-2015 00:00,None,None,None,None,None
04-01-2015 00:00,05-01-2015 00:00,None,None,None,None,None
05-01-2015 00:00,06-01-2015 00:00,None,None,None,None,None
06-01-2015 00:00,07-01-2015 00:00,None,None,None,None,None
07-01-2015 00:00,08-01-2015 00:00,None,None,None,None,None
08-01-2015 00:00,09-01-2015 00:00,None,None,None,None,None
09-01-2015 00:00,10-01-2015 00:00,None,None,None,None,None
10-01-2015 00:00,11-01-2015 00:00,None,None,None,None,None
11-01-2015 00:00,12-01-2015 00:00,None,None,None,None,None
12-01-2015 00:00,13-01-2015 00:00,None,None,None,None,None
13-01-2015 00:00,14-01-2015 00:00,None,None,None,None,None
14-01-2015 00:00,15-01-2015 00:00,None,None,None,None,None
15-01-2015 00:00,16-01-2015 00:00,None,None,None,None,None
16-01-2015 00:00,17-01-2015 00:00,None,None,None,None,None
17-01-2015 00:00,18-01-2015 00:00,None,None,None,None,None
18-01-2015 00:00,19-01-2015 00:00,None,None,None,None,None
19-01-2015 00:00,20-01-2015 00:00,None,None,None,None,None
20-01-2015 00:00,21-01-2015 00:00,None,None,None,None,None
21-01-2015 00:00,22-01-2015 00:00,None,None,None,None,None
22-01-2015 00:00,23-01-2015 00:00,None,None,None,None,None
23-01-2015 00:00,24-01-2015 00:00,None,None,None,None,None
24-01-2015 00:00,25-01-2015 00:00,None,None,None,None,None
25-01-2015 00:00,26-01-2015 00:00,None,None,None,None,None
26-01-2015 00:00,27-01-2015 00:00,None,None,None,None,None
27-01-2015 00:00,28-01-2015 00:00,None,None,None,None,None
28-01-2015 00:00,29-01-2015 00:00,None,None,None,None,None
29-01-2015 00:00,30-01-2015 00:00,None,None,None,None,None
30-01-2015 00:00,31-01-2015 00:00,None,None,None,None,None
31-01-2015 00:00,01-02-2015 00:00,None,None,None,None,None
01-02-2015 00:00,02-02-2015 00:00,None,None,None,None,None
02-02-2015 00:00,03-02-2015 00:00,None,None,None,None,None
03-02-2015 00:00,04-02-2015 00:00,None,None,None,None,None
04-02-2015 00:00,05-02-2015 00:00,None,None,None,None,None
05-02-2015 00:00,06-02-2015 00:00,None,None,None,None,None
06-02-2015 00:00,07-02-2015 00:00,None,None,None,None,None
07-02-2015 00:00,08-02-2015 00:00,None,None,None,None,None
08-02-2015 00:00,09-02-2015 00:00,None,None,None,None,None
09-02-2015 00:00,10-02-2015 00:00,None,None,None,None,None
10-02-2015 00:00,11-02-2015 00:00,None,None,None,None,None
11-02-2015 00:00,12-02-2015 00:00,None,None,None,None,None
12-02-2015 00:00,13-02-2015 00:00,None,None,None,None,None
13-02-2015 00:00,14-02-2015 00:00,None,None,None,None,None
14-02-2015 00:00,15-02-2015 00:00,None,None,None,None,None
15-02-2015 00:00,16-02-2015 00:00,None,None,None,None,None
16-02-2015 00:00,17-02-2015 00:00,None,None,None,None,None
17-02-2015 00:00,18-02-2015 00:00,None,None,None,None,None
18-02-2015 00:00,19-02-2015 00:00,None,None,None,None,None
19-02-2015 00:00,20-02-2015 00:00,None,None,None,None,None
20-02-2015 00:00,21-02-2015 00:00,None,None,None,None,None
21-02-2015 00:00,22-02-2015 00:00,None,None,None,None,None
22-02-2015 00:00,23-02-2015 00:00,None,None,None,None,None
23-02-2015 00:00,24-02-2015 00:00,None,None,None,None,None
24-02-2015 00:00,25-02-2015 00:00,None,None,None,None,None
25-02-2015 00:00,26-02-2015 00:00,None,None,None,None,None
26-02-2015 00:00,27-02-2015 00:00,None,None,None,None,None
27-02-2015 00:00,28-02-2015 00:00,None,None,None,None,None
28-02-2015 00:00,01-03-2015 00:00,None,None,None,None,None
01-03-2015 00:00,02-03-2015 00:00,None,None,None,None,None
02-03-2015 00:00,03-03-2015 00:00,None,None,None,None,None
03-03-2015 00:00,04-03-2015 00:00,None,None,None,None,None
04-03-2015 00:00,05-03-2015 00:00,None,None,None,None,None
05-03-2015 00:00,06-03-2015 00:00,None,None,None,None,None
06-03-2015 00:00,07-03-2015 00:00,None,None,None,None,None
07-03-2015 00:00,08-03-2015 00:00,None,None,None,None,None
08-03-2015 00:00,09-03-2015 00:00,None,None,None,None,None
09-03-2015 00:00,10-03-2015 00:00,None,None,None,None,None
10-03-2015 00:00,11-03-2015 00:00,None,None,None,None,None
11-03-2015 00:00,12-03-2015 00:00,None,None,None,None,None
12-03-2015 00:00,13-03-2015 00:00,None,None,None,None,None
13-03-2015 00:00,14-03-2015 00:00,None,None,None,None,None
14-03-2015 00:00,15-03-2015 00:00,None,None,None,None,None
15-03-2015 00:00,16-03-2015 00:00,None,None,None,None,None
16-03-2015 00:00,17-03-2015 00:00,None,None,None,None,None
17-03-2015 00:00,18-03-2015 00:00,None,None,None,None,None
18-03-2015 00:00,19-03-2015 00:00,None,None,None,None,None
19-03-2015 00:00,20-03-2015 00:00,None,None,None,None,None
20-03-2015 00:00,21-03-2015 00:00,None,None,None,None,None
21-03-2015 00:00,22-03-2015 00:00,None,None,None,None,None
22-03-2015 00:00,23-03-2015 00:00,None,None,None,None,None
23-03-2015 00:00,24-03-2015 00:00,None,None,None,None,None
24-03-2015 00:00,25-03-2015 00:00,None,None,None,None,None
25-03-2015 00:00,26-03-2015 00:00,None,None,None,None,None
26-03-2015 00:00,27-03-2015 00:00,None,None,None,None,None
27-03-2015 00:00,28-03-2015 00:00,None,None,None,None,None
28-03-2015 00:00,29-03-2015 00:00,None,None,None,None,None
29-03-2015 00:00,30-03-2015 00:00,None,None,None,None,None
30-03-2015 00:00,31-03-2015 00:00,None,None,None,None,None
31-03-2015 00:00,01-04-2015 00:00,None,None,None,None,None
01-04-2015 00:00,02-04-2015 00:00,None,None,None,None,None
02-04-2015 00:00,03-04-2015 00:00,None,None,None,None,None
03-04-2015 00:00,04-04-2015 00:00,None,None,None,None,None
04-04-2015 00:00,05-04-2015 00:00,None,None,None,None,None
05-04-2015 00:00,06-04-2015 00:00,None,None,None,None,None
06-04-2015 00:00,07-04-2015 00:00,None,None,None,None,None
07-04-2015 00:00,08-04-2015 00:00,None,None,None,None,None
08-04-2015 00:00,09-04-2015 00:00,None,None,None,None,None
09-04-2015 00:00,10-04-2015 00:00,12.73,24.73,39.35,1.46,232.96
10-04-2015 00:00,11-04-2015 00:00,11.55,23.92,47.77,1.35,234.14
11-04-2015 00:00,12-04-2015 00:00,10.49,24.74,46,0.82,213.77
12-04-2015 00:00,13-04-2015 00:00,None,None,None,None,None
13-04-2015 00:00,14-04-2015 00:00,4.76,24.32,53.07,1.95,129.83
14-04-2015 00:00,15-04-2015 00:00,5.12,23.46,56.52,1.35,167.3
15-04-2015 00:00,16-04-2015 00:00,6.79,20.95,67.38,0.6,200.32
16-04-2015 00:00,17-04-2015 00:00,11.16,21.15,64.06,1.22,228.31
17-04-2015 00:00,18-04-2015 00:00,5.49,25.2,50.55,1.69,238.89
18-04-2015 00:00,19-04-2015 00:00,23.9,28.5,39.3,1.1,244.21
19-04-2015 00:00,20-04-2015 00:00,12.76,27.56,42.55,0.8,202.84
20-04-2015 00:00,21-04-2015 00:00,6.31,29.6,39.71,1.42,145.95
21-04-2015 00:00,22-04-2015 00:00,8.71,28.88,34.67,1.62,235.18
22-04-2015 00:00,23-04-2015 00:00,11.32,27.92,25.91,1.46,236.64
23-04-2015 00:00,24-04-2015 00:00,14.52,27.81,28.33,1.01,218.06
24-04-2015 00:00,25-04-2015 00:00,19.56,28,31.36,0.78,199.57
25-04-2015 00:00,26-04-2015 00:00,6.58,27.07,40.23,2.37,148.61
26-04-2015 00:00,27-04-2015 00:00,2.6,26.2,42.81,2.83,116.22
27-04-2015 00:00,28-04-2015 00:00,3.03,27.82,45.77,2.81,117.74
28-04-2015 00:00,29-04-2015 00:00,3.19,28.71,42.11,2.13,134.44
29-04-2015 00:00,30-04-2015 00:00,3.41,28.92,42.33,1.64,133.1
30-04-2015 00:00,01-05-2015 00:00,3.27,30.26,38.61,2.56,110.01
01-05-2015 00:00,02-05-2015 00:00,5.35,28.89,38.5,1.4,186.82
02-05-2015 00:00,03-05-2015 00:00,10.91,28.63,33.35,1.28,209.26
03-05-2015 00:00,04-05-2015 00:00,10.51,30.22,27.2,0.82,197.16
04-05-2015 00:00,05-05-2015 00:00,11.58,28.31,30.54,1.06,208.43
05-05-2015 00:00,06-05-2015 00:00,21.94,29.3,27.63,1.13,210.92
06-05-2015 00:00,07-05-2015 00:00,14.94,31.57,21.28,1.3,211.3
07-05-2015 00:00,08-05-2015 00:00,8.17,33.19,16.88,1.89,238.88
08-05-2015 00:00,09-05-2015 00:00,8.7,33.06,17.4,1.62,216.55
09-05-2015 00:00,10-05-2015 00:00,7.13,32.27,24.1,1.15,219.92
10-05-2015 00:00,11-05-2015 00:00,10.86,26.66,29.1,0.65,200.55
11-05-2015 00:00,12-05-2015 00:00,5.17,33.76,30.22,1.61,202.61
12-05-2015 00:00,13-05-2015 00:00,4.57,30.47,43.01,1.55,172.08
13-05-2015 00:00,14-05-2015 00:00,5.8,28.59,47.71,0.56,147.75
14-05-2015 00:00,15-05-2015 00:00,7.46,30.42,38.12,1.19,232.83
15-05-2015 00:00,16-05-2015 00:00,8.47,26.99,47.46,1.35,220.53
16-05-2015 00:00,17-05-2015 00:00,7.54,27.65,49.71,0.88,194.52
17-05-2015 00:00,18-05-2015 00:00,7.14,30.39,42.43,1.22,160.57
18-05-2015 00:00,19-05-2015 00:00,5.51,33.6,33.82,1.24,144.96
19-05-2015 00:00,20-05-2015 00:00,7.33,30.39,41.88,1.91,190.76
20-05-2015 00:00,21-05-2015 00:00,7.64,30.23,37.2,1.76,222.95
21-05-2015 00:00,22-05-2015 00:00,10.2,34.55,23.89,1.74,225.33
22-05-2015 00:00,23-05-2015 00:00,4.51,34.4,20.6,1.71,237.81
23-05-2015 00:00,24-05-2015 00:00,5.46,35.68,18.34,1.67,221.08
24-05-2015 00:00,25-05-2015 00:00,6.46,34.82,21.75,1.3,177.17
25-05-2015 00:00,26-05-2015 00:00,5.58,35.97,18.86,1.45,208.03
26-05-2015 00:00,27-05-2015 00:00,3.49,35.99,15.22,1.76,219.05
27-05-2015 00:00,28-05-2015 00:00,7.82,33.14,14.68,1.61,246.48
28-05-2015 00:00,29-05-2015 00:00,13.38,29.66,29.26,1.32,225.65
29-05-2015 00:00,30-05-2015 00:00,9.35,31.93,29.24,1.47,233.18
30-05-2015 00:00,31-05-2015 00:00,10.35,33.39,27.67,1.28,226.19
31-05-2015 00:00,01-06-2015 00:00,3.72,33.5,24.68,1.97,206.5
01-06-2015 00:00,02-06-2015 00:00,4.19,28.35,35.74,2.03,188.51
02-06-2015 00:00,03-06-2015 00:00,3.92,29.86,36.24,1.54,204.36
03-06-2015 00:00,04-06-2015 00:00,7.77,25.69,50.29,1.53,224.81
04-06-2015 00:00,05-06-2015 00:00,7.87,28.73,47.31,1.27,218.83
05-06-2015 00:00,06-06-2015 00:00,27.7,24.67,61.79,0.41,225.24
06-06-2015 00:00,07-06-2015 00:00,16.16,32.19,30.6,1.16,271.9
07-06-2015 00:00,08-06-2015 00:00,7.11,33.58,31.68,1.19,219.43
08-06-2015 00:00,09-06-2015 00:00,5.14,35.42,30.13,1.19,229.15
09-06-2015 00:00,10-06-2015 00:00,4.13,37.97,21.17,2.91,233.35
10-06-2015 00:00,11-06-2015 00:00,2.79,35.49,32.93,2.92,244.56
11-06-2015 00:00,12-06-2015 00:00,4.39,37.69,27.84,2.68,248.35
12-06-2015 00:00,13-06-2015 00:00,4.17,34.41,34.6,2.21,238.03
13-06-2015 00:00,14-06-2015 00:00,4.64,28.67,47.89,1.73,193.6
14-06-2015 00:00,15-06-2015 00:00,5.89,24.53,69.14,1.28,169.09
15-06-2015 00:00,16-06-2015 00:00,5.88,27.91,60.62,0.98,193.32
16-06-2015 00:00,17-06-2015 00:00,13.61,29.91,53.58,1.08,223.17
17-06-2015 00:00,18-06-2015 00:00,8.72,31.88,46.5,0.97,226.96
18-06-2015 00:00,19-06-2015 00:00,9,32.73,45.91,0.81,181.74
19-06-2015 00:00,20-06-2015 00:00,5.03,33.58,47.41,1.72,145.22
20-06-2015 00:00,21-06-2015 00:00,3.21,31.52,49.02,2.35,147.55
21-06-2015 00:00,22-06-2015 00:00,5.38,29.35,60.51,1.35,170.13
22-06-2015 00:00,23-06-2015 00:00,5.64,29.1,63.79,1.35,152.47
23-06-2015 00:00,24-06-2015 00:00,7.91,29.02,65.99,1.2,196.93
24-06-2015 00:00,25-06-2015 00:00,6,27.01,72.91,1.12,216.8
25-06-2015 00:00,26-06-2015 00:00,3.8,23.28,80.01,1.11,223.2
26-06-2015 00:00,27-06-2015 00:00,4.82,28.22,61.91,1.75,229.05
27-06-2015 00:00,28-06-2015 00:00,2.34,30.29,53.42,1.92,232.47
28-06-2015 00:00,29-06-2015 00:00,2.78,31.75,51.67,1.42,206.41
29-06-2015 00:00,30-06-2015 00:00,1.7,28.74,58.07,3.05,122.81
30-06-2015 00:00,01-07-2015 00:00,3.53,28.62,58.04,1.63,166.23
01-07-2015 00:00,02-07-2015 00:00,3.98,29.35,57.27,1.38,167.33
02-07-2015 00:00,03-07-2015 00:00,5.14,31.07,49.39,1.14,225.77
03-07-2015 00:00,04-07-2015 00:00,2.59,31.31,49.61,1.99,234.87
04-07-2015 00:00,05-07-2015 00:00,1.01,28.92,58.43,2.02,210.66
05-07-2015 00:00,06-07-2015 00:00,3.12,34.5,44.96,1.63,228.29
06-07-2015 00:00,07-07-2015 00:00,3.51,25.94,72.52,1.94,161.71
07-07-2015 00:00,08-07-2015 00:00,5.39,25.31,78.98,1.09,163.93
08-07-2015 00:00,09-07-2015 00:00,5.85,28.3,69.47,1.19,158.26
09-07-2015 00:00,10-07-2015 00:00,8.65,26.4,78.05,0.78,219.69
10-07-2015 00:00,11-07-2015 00:00,6.77,23.95,85.87,1.05,177.75
11-07-2015 00:00,12-07-2015 00:00,6.46,22.24,88.89,0.98,196.59
12-07-2015 00:00,13-07-2015 00:00,4.48,22.55,86.75,1.05,170.03
13-07-2015 00:00,14-07-2015 00:00,4.21,26.76,73.73,0.88,213.26
14-07-2015 00:00,15-07-2015 00:00,4.66,29.15,66.53,1.5,243.59
15-07-2015 00:00,16-07-2015 00:00,2.71,30.28,59.38,1.92,220.19
16-07-2015 00:00,17-07-2015 00:00,3.08,29.69,60.52,1.74,199.75
17-07-2015 00:00,18-07-2015 00:00,4.61,27.2,78.18,1.31,169.82
18-07-2015 00:00,19-07-2015 00:00,6.9,26.69,78.58,0.79,199.52
19-07-2015 00:00,20-07-2015 00:00,6.8,27.09,73.36,0.74,237.19
20-07-2015 00:00,21-07-2015 00:00,5.07,25.99,77.72,1.01,185.93
21-07-2015 00:00,22-07-2015 00:00,3.59,28.71,68.46,1.71,134.13
22-07-2015 00:00,23-07-2015 00:00,2.96,29.66,65.73,1.85,126.61
23-07-2015 00:00,24-07-2015 00:00,2.49,27.72,71.96,1.98,123.74
24-07-2015 00:00,25-07-2015 00:00,2.91,29.48,64.73,1.75,134.57
25-07-2015 00:00,26-07-2015 00:00,2.85,29.49,64.47,1.8,141.28
26-07-2015 00:00,27-07-2015 00:00,1.52,27.99,67.15,3.31,128.61
27-07-2015 00:00,28-07-2015 00:00,1.72,27.04,67.78,2.59,118.69
28-07-2015 00:00,29-07-2015 00:00,1.73,26.94,63.8,2.44,121.9
29-07-2015 00:00,30-07-2015 00:00,2.2,25.58,68.58,2.61,113.01
30-07-2015 00:00,31-07-2015 00:00,1.84,25.59,73.09,1.78,139.09
31-07-2015 00:00,01-08-2015 00:00,2.01,25.87,72.91,1.22,190.61
01-08-2015 00:00,02-08-2015 00:00,3.28,25.74,72.9,1.02,194.51
02-08-2015 00:00,03-08-2015 00:00,3.73,26.88,71.04,1.03,197.5
03-08-2015 00:00,04-08-2015 00:00,4.88,28.35,68.23,1.07,240.16
04-08-2015 00:00,05-08-2015 00:00,3.75,28.8,67.65,0.98,203.79
05-08-2015 00:00,06-08-2015 00:00,7.81,26.51,80.25,1.19,164.3
06-08-2015 00:00,07-08-2015 00:00,5.19,27.07,77.56,1.11,160.72
07-08-2015 00:00,08-08-2015 00:00,5.4,26.64,80.85,1.17,161.86
08-08-2015 00:00,09-08-2015 00:00,7.08,25.7,82.1,1.04,154.39
09-08-2015 00:00,10-08-2015 00:00,6.53,24.3,86.04,1.01,201.72
10-08-2015 00:00,11-08-2015 00:00,9.14,27.03,79.31,0.62,218.52
11-08-2015 00:00,12-08-2015 00:00,7.83,25.48,85.15,1.1,182.66
12-08-2015 00:00,13-08-2015 00:00,3.64,27.24,75.09,1.11,182.84
13-08-2015 00:00,14-08-2015 00:00,7.73,28.11,74.01,0.85,208.64
14-08-2015 00:00,15-08-2015 00:00,9.07,27.89,75.6,0.93,199.55
15-08-2015 00:00,16-08-2015 00:00,4.28,25.36,82.88,0.74,195.77
16-08-2015 00:00,17-08-2015 00:00,5.02,25.22,81.89,0.69,209.65
17-08-2015 00:00,18-08-2015 00:00,4.8,27.73,75.78,0.91,235.24
18-08-2015 00:00,19-08-2015 00:00,4.84,27.39,72.14,1.46,195.95
19-08-2015 00:00,20-08-2015 00:00,2.79,27.79,67.86,1.77,223.28
20-08-2015 00:00,21-08-2015 00:00,2.15,27.75,65.32,1.71,218.97
21-08-2015 00:00,22-08-2015 00:00,3.32,26.34,74.03,1.19,220.13
22-08-2015 00:00,23-08-2015 00:00,4.65,26.44,71.84,1.12,228.86
23-08-2015 00:00,24-08-2015 00:00,3.21,27.02,71.34,1.27,243.3
24-08-2015 00:00,25-08-2015 00:00,3.45,27.53,69.15,1.37,234.42
25-08-2015 00:00,26-08-2015 00:00,3.61,28.77,61.85,1.9,235.03
26-08-2015 00:00,27-08-2015 00:00,3.79,28.92,63.59,1.66,240.15
27-08-2015 00:00,28-08-2015 00:00,5.64,29.05,64.97,1.11,235.79
28-08-2015 00:00,29-08-2015 00:00,4.94,29.02,68.43,1.11,200.57
29-08-2015 00:00,30-08-2015 00:00,6.25,None,None,None,None
30-08-2015 00:00,31-08-2015 00:00,None,None,None,None,None
31-08-2015 00:00,01-09-2015 00:00,2.72,31.32,52.07,2.3,250.35
01-09-2015 00:00,02-09-2015 00:00,3.21,29.59,52.79,1.85,230.61
02-09-2015 00:00,03-09-2015 00:00,3.83,29.12,52.33,1.44,220.69
03-09-2015 00:00,04-09-2015 00:00,2.05,29.21,48.67,1.6,227.71
04-09-2015 00:00,05-09-2015 00:00,6.4,30.77,41.98,1.57,258.21
05-09-2015 00:00,06-09-2015 00:00,3.79,24.81,66.09,0.95,225.61
06-09-2015 00:00,07-09-2015 00:00,3.74,31.25,40.95,1.84,264.16
07-09-2015 00:00,08-09-2015 00:00,4.59,28.32,51.75,1.41,239.54
08-09-2015 00:00,09-09-2015 00:00,4,28.63,54.68,1.79,234.56
09-09-2015 00:00,10-09-2015 00:00,4.06,29.29,47.4,1.89,257.16
10-09-2015 00:00,11-09-2015 00:00,5.04,28.66,51.48,1.43,249.16
11-09-2015 00:00,12-09-2015 00:00,6,28.17,57.29,1.44,253.24
12-09-2015 00:00,13-09-2015 00:00,5.07,28.58,59.92,0.67,234.57
13-09-2015 00:00,14-09-2015 00:00,4.41,28.53,61.22,0.72,238.1
14-09-2015 00:00,15-09-2015 00:00,6.13,28.67,57.91,0.87,245.32
15-09-2015 00:00,16-09-2015 00:00,5.78,29.79,59.36,0.81,179.62
16-09-2015 00:00,17-09-2015 00:00,3.56,29.89,56.53,1.26,155.08
17-09-2015 00:00,18-09-2015 00:00,6.48,28.38,59.97,0.67,245.15
18-09-2015 00:00,19-09-2015 00:00,3.99,28.22,65.45,1.33,179.8
19-09-2015 00:00,20-09-2015 00:00,4.77,27.88,72.78,0.86,214.23
20-09-2015 00:00,21-09-2015 00:00,4.54,27.95,67.64,1.47,178.12
21-09-2015 00:00,22-09-2015 00:00,3.07,26.9,68.1,1.22,182.67
22-09-2015 00:00,23-09-2015 00:00,2.03,27.35,66.82,2.31,145.13
23-09-2015 00:00,24-09-2015 00:00,3.23,25.56,65.39,2.09,259.91
24-09-2015 00:00,25-09-2015 00:00,5.24,25.29,56.48,1.72,242.37
25-09-2015 00:00,26-09-2015 00:00,6.9,24.65,55.84,1.09,239.81
26-09-2015 00:00,27-09-2015 00:00,8.62,25.13,61.81,1.03,247.72
27-09-2015 00:00,28-09-2015 00:00,6.06,25.88,62.78,0.84,238.99
28-09-2015 00:00,29-09-2015 00:00,6.14,25.37,60.81,1.01,257.43
29-09-2015 00:00,30-09-2015 00:00,5.72,25.63,60.07,1.47,258.69
30-09-2015 00:00,01-10-2015 00:00,4.69,26.42,48.85,1.89,268.28
01-10-2015 00:00,02-10-2015 00:00,9.39,25.01,54.31,1.05,257.24
02-10-2015 00:00,03-10-2015 00:00,6.44,24.78,57.07,0.89,248.63
03-10-2015 00:00,04-10-2015 00:00,7.57,24.91,58.7,0.98,245.86
04-10-2015 00:00,05-10-2015 00:00,10.81,25.06,57.22,0.89,246.26
05-10-2015 00:00,06-10-2015 00:00,13.18,25.03,53.59,0.65,238.59
06-10-2015 00:00,07-10-2015 00:00,15.69,25.51,55.57,1.01,253.77
07-10-2015 00:00,08-10-2015 00:00,7.85,25.72,60.83,1.25,264.97
08-10-2015 00:00,09-10-2015 00:00,10.2,25.32,59.01,1.01,248.5
09-10-2015 00:00,10-10-2015 00:00,12.66,24.73,54.13,0.95,239.34
10-10-2015 00:00,11-10-2015 00:00,16.04,24.83,48.81,1.12,246
11-10-2015 00:00,12-10-2015 00:00,10.67,25.11,49.65,1.09,241.67
12-10-2015 00:00,13-10-2015 00:00,8.96,25.23,55.95,0.78,250.5
13-10-2015 00:00,14-10-2015 00:00,6.08,26.74,60.67,1.4,140.48
14-10-2015 00:00,15-10-2015 00:00,3.96,25.14,61.92,1.21,165.62
15-10-2015 00:00,16-10-2015 00:00,8.89,23.18,67.14,0.62,230.13
16-10-2015 00:00,17-10-2015 00:00,9.96,24.67,62.52,0.72,239.52
17-10-2015 00:00,18-10-2015 00:00,None,None,None,None,None
18-10-2015 00:00,19-10-2015 00:00,8.71,26.4,53.44,0.68,233.07
19-10-2015 00:00,20-10-2015 00:00,11.63,24.52,60.42,0.75,230.32
20-10-2015 00:00,21-10-2015 00:00,19.05,24.87,58.87,0.69,245.98
21-10-2015 00:00,22-10-2015 00:00,6.58,25.23,51.44,0.82,242.56
22-10-2015 00:00,23-10-2015 00:00,7.92,22.52,40.96,0.85,271.9
23-10-2015 00:00,24-10-2015 00:00,16.33,20.23,51.57,0.91,247.12
24-10-2015 00:00,25-10-2015 00:00,19.46,20.64,51.63,0.7,222.99
25-10-2015 00:00,26-10-2015 00:00,11.66,22.55,49.66,1.41,150.08
26-10-2015 00:00,27-10-2015 00:00,3.18,23.42,46.44,1.59,173.91
27-10-2015 00:00,28-10-2015 00:00,None,None,None,None,None
28-10-2015 00:00,29-10-2015 00:00,9.26,13.64,61.98,1.18,200.2
29-10-2015 00:00,30-10-2015 00:00,6.88,18.06,57.45,0.73,195.63
30-10-2015 00:00,31-10-2015 00:00,5.3,16.79,68.78,0.79,195.16
31-10-2015 00:00,01-11-2015 00:00,None,None,None,None,None
01-11-2015 00:00,02-11-2015 00:00,12.31,22.56,48.95,0.64,245.32
02-11-2015 00:00,03-11-2015 00:00,14.4,19.74,61.53,0.53,229.09
03-11-2015 00:00,04-11-2015 00:00,14.71,20.1,59.73,0.54,230.61
04-11-2015 00:00,05-11-2015 00:00,21.86,19.37,61.45,0.66,212.28
05-11-2015 00:00,06-11-2015 00:00,12.49,18.06,72.13,0.98,176.09
06-11-2015 00:00,07-11-2015 00:00,10.12,18.86,67.1,0.87,218.95
07-11-2015 00:00,08-11-2015 00:00,14.1,18.06,68.71,0.6,239.95
08-11-2015 00:00,09-11-2015 00:00,7.86,18.77,60.51,0.63,245.97
09-11-2015 00:00,10-11-2015 00:00,18.29,18.05,64.43,0.54,230.28
10-11-2015 00:00,11-11-2015 00:00,19.74,18.93,64.68,0.52,254.44
11-11-2015 00:00,12-11-2015 00:00,5.78,19.89,49.65,1.3,272.61
12-11-2015 00:00,13-11-2015 00:00,4.43,18.92,52.23,1.25,257.24
13-11-2015 00:00,14-11-2015 00:00,7.43,18.91,58.19,0.91,252.68
14-11-2015 00:00,15-11-2015 00:00,10.74,19.46,57.3,0.9,237.45
15-11-2015 00:00,16-11-2015 00:00,14.03,19.05,55.21,0.53,199.66
16-11-2015 00:00,17-11-2015 00:00,14.33,19.53,46.81,0.93,256.07
17-11-2015 00:00,18-11-2015 00:00,7.88,17.92,39.34,1.27,261.97
18-11-2015 00:00,19-11-2015 00:00,20.88,14.95,49.24,0.78,261.45
19-11-2015 00:00,20-11-2015 00:00,36.42,14.56,57.03,0.5,218.14
20-11-2015 00:00,21-11-2015 00:00,84.63,14.69,60.21,0.5,235.37
21-11-2015 00:00,22-11-2015 00:00,61.01,14.49,60.9,0.52,250.5
22-11-2015 00:00,23-11-2015 00:00,30.76,14.63,58.51,0.48,199.61
23-11-2015 00:00,24-11-2015 00:00,35.68,14.18,59.98,0.48,228.48
24-11-2015 00:00,25-11-2015 00:00,59.87,14.26,56.71,0.61,264.04
25-11-2015 00:00,26-11-2015 00:00,13.9,16.09,49.76,1.09,250
26-11-2015 00:00,27-11-2015 00:00,11.32,15.34,54.79,0.6,199.55
27-11-2015 00:00,28-11-2015 00:00,13.94,14.86,61.41,0.68,240.58
28-11-2015 00:00,29-11-2015 00:00,6.37,15.6,77.56,1.01,181.16
29-11-2015 00:00,30-11-2015 00:00,13.88,17.24,69.82,0.55,248.03
30-11-2015 00:00,01-12-2015 00:00,22.09,16.54,76.81,0.45,239.2
01-12-2015 00:00,02-12-2015 00:00,10.74,16.41,70.77,0.56,229.88
02-12-2015 00:00,03-12-2015 00:00,14.83,15.31,61.32,0.72,264.66
03-12-2015 00:00,04-12-2015 00:00,11.66,14.19,64.38,0.91,239.76
04-12-2015 00:00,05-12-2015 00:00,19.57,13.89,61.74,0.95,236.44
05-12-2015 00:00,06-12-2015 00:00,28.24,14.2,62.74,0.58,228.79
06-12-2015 00:00,07-12-2015 00:00,10.84,16.14,63.92,0.63,169.81
07-12-2015 00:00,08-12-2015 00:00,9.65,13.17,74.97,0.67,186.42
08-12-2015 00:00,09-12-2015 00:00,23.65,13.83,71.32,0.53,204.91
09-12-2015 00:00,10-12-2015 00:00,26.58,13.92,74.93,1.11,165.49
10-12-2015 00:00,11-12-2015 00:00,9.79,14.78,71.01,0.85,179.57
11-12-2015 00:00,12-12-2015 00:00,9.33,13.35,72.8,1,232.19
12-12-2015 00:00,13-12-2015 00:00,9.87,9.23,84.09,0.96,235.66
13-12-2015 00:00,14-12-2015 00:00,10.41,8.61,65.73,0.77,239.64
14-12-2015 00:00,15-12-2015 00:00,9.38,5.21,71.36,0.78,270.36
15-12-2015 00:00,16-12-2015 00:00,None,None,None,None,None
16-12-2015 00:00,17-12-2015 00:00,None,None,None,None,None
17-12-2015 00:00,18-12-2015 00:00,None,None,None,None,None
18-12-2015 00:00,19-12-2015 00:00,None,None,None,None,None
19-12-2015 00:00,20-12-2015 00:00,None,None,None,None,None
20-12-2015 00:00,21-12-2015 00:00,None,None,None,None,None
21-12-2015 00:00,22-12-2015 00:00,None,None,None,None,None
22-12-2015 00:00,23-12-2015 00:00,16.75,5.91,69.77,0.3,237.38
23-12-2015 00:00,24-12-2015 00:00,40.6,9.21,71.6,0.71,228.87
24-12-2015 00:00,25-12-2015 00:00,7.4,10.18,44.92,1.17,274.57
25-12-2015 00:00,26-12-2015 00:00,7.93,9.03,54.73,1.2,243.03
26-12-2015 00:00,27-12-2015 00:00,10.24,10.87,50.07,1.25,256.66
27-12-2015 00:00,28-12-2015 00:00,7.57,12.34,54.11,1.18,243.02
28-12-2015 00:00,29-12-2015 00:00,5.81,15.13,49.65,1.85,254.98
29-12-2015 00:00,30-12-2015 00:00,8.8,14.47,53.01,1.51,234.02
30-12-2015 00:00,31-12-2015 00:00,17.86,11.68,63.2,0.64,246.66
31-12-2015 00:00,01-01-2016 00:00,23.37,12.51,60.4,0.66,236.14
01-01-2016 00:00,01-01-2016 00:00,19.25,6.17,72.17,0.3,212.5
,,,,,,
Prescribed Standards, ,NA,NA,NA,0-5,NA
Exceeding Standards, ,NA,NA,NA,NA,NA
Remarks,,,,,,
From Date,To Date,SR,BP,VWS,Xylene,AT
01-01-2015 00:00,02-01-2015 00:00,None,None,None,None,None
02-01-2015 00:00,03-01-2015 00:00,None,None,None,None,None
03-01-2015 00:00,04-01-2015 00:00,None,None,None,None,None
04-01-2015 00:00,05-01-2015 00:00,None,None,None,None,None
05-01-2015 00:00,06-01-2015 00:00,None,None,None,None,None
06-01-2015 00:00,07-01-2015 00:00,None,None,None,None,None
07-01-2015 00:00,08-01-2015 00:00,None,None,None,None,None
08-01-2015 00:00,09-01-2015 00:00,None,None,None,None,None
09-01-2015 00:00,10-01-2015 00:00,None,None,None,None,None
10-01-2015 00:00,11-01-2015 00:00,None,None,None,None,None
11-01-2015 00:00,12-01-2015 00:00,None,None,None,None,None
12-01-2015 00:00,13-01-2015 00:00,None,None,None,None,None
13-01-2015 00:00,14-01-2015 00:00,None,None,None,None,None
14-01-2015 00:00,15-01-2015 00:00,None,None,None,None,None
15-01-2015 00:00,16-01-2015 00:00,None,None,None,None,None
16-01-2015 00:00,17-01-2015 00:00,None,None,None,None,None
17-01-2015 00:00,18-01-2015 00:00,None,None,None,None,None
18-01-2015 00:00,19-01-2015 00:00,None,None,None,None,None
19-01-2015 00:00,20-01-2015 00:00,None,None,None,None,None
20-01-2015 00:00,21-01-2015 00:00,None,None,None,None,None
21-01-2015 00:00,22-01-2015 00:00,None,None,None,None,None
22-01-2015 00:00,23-01-2015 00:00,None,None,None,None,None
23-01-2015 00:00,24-01-2015 00:00,None,None,None,None,None
24-01-2015 00:00,25-01-2015 00:00,None,None,None,None,None
25-01-2015 00:00,26-01-2015 00:00,None,None,None,None,None
26-01-2015 00:00,27-01-2015 00:00,None,None,None,None,None
27-01-2015 00:00,28-01-2015 00:00,None,None,None,None,None
28-01-2015 00:00,29-01-2015 00:00,None,None,None,None,None
29-01-2015 00:00,30-01-2015 00:00,None,None,None,None,None
30-01-2015 00:00,31-01-2015 00:00,None,None,None,None,None
31-01-2015 00:00,01-02-2015 00:00,None,None,None,None,None
01-02-2015 00:00,02-02-2015 00:00,None,None,None,None,None
02-02-2015 00:00,03-02-2015 00:00,None,None,None,None,None
03-02-2015 00:00,04-02-2015 00:00,None,None,None,None,None
04-02-2015 00:00,05-02-2015 00:00,None,None,None,None,None
05-02-2015 00:00,06-02-2015 00:00,None,None,None,None,None
06-02-2015 00:00,07-02-2015 00:00,None,None,None,None,None
07-02-2015 00:00,08-02-2015 00:00,None,None,None,None,None
08-02-2015 00:00,09-02-2015 00:00,None,None,None,None,None
09-02-2015 00:00,10-02-2015 00:00,None,None,None,None,None
10-02-2015 00:00,11-02-2015 00:00,None,None,None,None,None
11-02-2015 00:00,12-02-2015 00:00,None,None,None,None,None
12-02-2015 00:00,13-02-2015 00:00,None,None,None,None,None
13-02-2015 00:00,14-02-2015 00:00,None,None,None,None,None
14-02-2015 00:00,15-02-2015 00:00,None,None,None,None,None
15-02-2015 00:00,16-02-2015 00:00,None,None,None,None,None
16-02-2015 00:00,17-02-2015 00:00,None,None,None,None,None
17-02-2015 00:00,18-02-2015 00:00,None,None,None,None,None
18-02-2015 00:00,19-02-2015 00:00,None,None,None,None,None
19-02-2015 00:00,20-02-2015 00:00,None,None,None,None,None
20-02-2015 00:00,21-02-2015 00:00,None,None,None,None,None
21-02-2015 00:00,22-02-2015 00:00,None,None,None,None,None
22-02-2015 00:00,23-02-2015 00:00,None,None,None,None,None
23-02-2015 00:00,24-02-2015 00:00,None,None,None,None,None
24-02-2015 00:00,25-02-2015 00:00,None,None,None,None,None
25-02-2015 00:00,26-02-2015 00:00,None,None,None,None,None
26-02-2015 00:00,27-02-2015 00:00,None,None,None,None,None
27-02-2015 00:00,28-02-2015 00:00,None,None,None,None,None
28-02-2015 00:00,01-03-2015 00:00,None,None,None,None,None
01-03-2015 00:00,02-03-2015 00:00,None,None,None,None,None
02-03-2015 00:00,03-03-2015 00:00,None,None,None,None,None
03-03-2015 00:00,04-03-2015 00:00,None,None,None,None,None
04-03-2015 00:00,05-03-2015 00:00,None,None,None,None,None
05-03-2015 00:00,06-03-2015 00:00,None,None,None,None,None
06-03-2015 00:00,07-03-2015 00:00,None,None,None,None,None
07-03-2015 00:00,08-03-2015 00:00,None,None,None,None,None
08-03-2015 00:00,09-03-2015 00:00,None,None,None,None,None
09-03-2015 00:00,10-03-2015 00:00,None,None,None,None,None
10-03-2015 00:00,11-03-2015 00:00,None,None,None,None,None
11-03-2015 00:00,12-03-2015 00:00,None,None,None,None,None
12-03-2015 00:00,13-03-2015 00:00,None,None,None,None,None
13-03-2015 00:00,14-03-2015 00:00,None,None,None,None,None
14-03-2015 00:00,15-03-2015 00:00,None,None,None,None,None
15-03-2015 00:00,16-03-2015 00:00,None,None,None,None,None
16-03-2015 00:00,17-03-2015 00:00,None,None,None,None,None
17-03-2015 00:00,18-03-2015 00:00,None,None,None,None,None
18-03-2015 00:00,19-03-2015 00:00,None,None,None,None,None
19-03-2015 00:00,20-03-2015 00:00,None,None,None,None,None
20-03-2015 00:00,21-03-2015 00:00,None,None,None,None,None
21-03-2015 00:00,22-03-2015 00:00,None,None,None,None,None
22-03-2015 00:00,23-03-2015 00:00,None,None,None,None,None
23-03-2015 00:00,24-03-2015 00:00,None,None,None,None,None
24-03-2015 00:00,25-03-2015 00:00,None,None,None,None,None
25-03-2015 00:00,26-03-2015 00:00,None,None,None,None,None
26-03-2015 00:00,27-03-2015 00:00,None,None,None,None,None
27-03-2015 00:00,28-03-2015 00:00,None,None,None,None,None
28-03-2015 00:00,29-03-2015 00:00,None,None,None,None,None
29-03-2015 00:00,30-03-2015 00:00,None,None,None,None,None
30-03-2015 00:00,31-03-2015 00:00,None,None,None,None,None
31-03-2015 00:00,01-04-2015 00:00,None,None,None,None,None
01-04-2015 00:00,02-04-2015 00:00,None,None,None,None,None
02-04-2015 00:00,03-04-2015 00:00,None,None,None,None,None
03-04-2015 00:00,04-04-2015 00:00,None,None,None,None,None
04-04-2015 00:00,05-04-2015 00:00,None,None,None,None,None
05-04-2015 00:00,06-04-2015 00:00,None,None,None,None,None
06-04-2015 00:00,07-04-2015 00:00,None,None,None,None,None
07-04-2015 00:00,08-04-2015 00:00,None,None,None,None,None
08-04-2015 00:00,09-04-2015 00:00,None,None,None,None,None
09-04-2015 00:00,10-04-2015 00:00,61.18,735.95,0.04,None,24.74
10-04-2015 00:00,11-04-2015 00:00,146.6,735.96,0.02,None,23.92
11-04-2015 00:00,12-04-2015 00:00,147.12,735.87,-0.01,None,24.74
12-04-2015 00:00,13-04-2015 00:00,None,None,None,None,None
13-04-2015 00:00,14-04-2015 00:00,152.4,736,0.09,None,24.32
14-04-2015 00:00,15-04-2015 00:00,138.29,736.33,0.09,None,23.46
15-04-2015 00:00,16-04-2015 00:00,5.04,736.6,0,None,20.95
16-04-2015 00:00,17-04-2015 00:00,84.93,736.42,0.04,None,21.15
17-04-2015 00:00,18-04-2015 00:00,177.8,736.36,0,None,25.2
18-04-2015 00:00,19-04-2015 00:00,155.09,735.77,-0.01,None,28.5
19-04-2015 00:00,20-04-2015 00:00,137.74,735.76,-0.07,None,27.56
20-04-2015 00:00,21-04-2015 00:00,125.7,735.9,0.09,None,29.6
21-04-2015 00:00,22-04-2015 00:00,135.4,735.66,0.05,None,28.88
22-04-2015 00:00,23-04-2015 00:00,141.24,735.58,-0.09,None,27.92
23-04-2015 00:00,24-04-2015 00:00,138.76,735.61,0.01,None,27.81
24-04-2015 00:00,25-04-2015 00:00,134,735.64,-0.02,None,28
25-04-2015 00:00,26-04-2015 00:00,139.08,736,0.13,None,27.07
26-04-2015 00:00,27-04-2015 00:00,46.09,736,0.12,None,26.2
27-04-2015 00:00,28-04-2015 00:00,140.67,736,0.12,None,27.82
28-04-2015 00:00,29-04-2015 00:00,142.24,736,0.06,None,28.71
29-04-2015 00:00,30-04-2015 00:00,141.48,735.95,0.09,None,28.92
30-04-2015 00:00,01-05-2015 00:00,143.13,735.82,0.11,None,30.26
01-05-2015 00:00,02-05-2015 00:00,98.79,736,0,None,28.89
02-05-2015 00:00,03-05-2015 00:00,146.59,735.58,0.01,None,28.63
03-05-2015 00:00,04-05-2015 00:00,90.94,735.55,-0.04,None,30.22
04-05-2015 00:00,05-05-2015 00:00,143.85,735.58,0.02,None,28.31
05-05-2015 00:00,06-05-2015 00:00,141.16,735.52,-0.01,None,29.3
06-05-2015 00:00,07-05-2015 00:00,140.11,735.4,-0.01,None,31.57
07-05-2015 00:00,08-05-2015 00:00,142.96,735.26,0.06,None,33.19
08-05-2015 00:00,09-05-2015 00:00,141.77,735.15,-0.08,None,33.06
09-05-2015 00:00,10-05-2015 00:00,141.89,735.51,-0.06,None,32.27
10-05-2015 00:00,11-05-2015 00:00,35.93,735.52,0,None,26.66
11-05-2015 00:00,12-05-2015 00:00,176.39,735.64,0.03,None,33.76
12-05-2015 00:00,13-05-2015 00:00,146.77,736,0.04,None,30.47
13-05-2015 00:00,14-05-2015 00:00,5,736,None,None,28.59
14-05-2015 00:00,15-05-2015 00:00,178.33,736,0,None,30.42
15-05-2015 00:00,16-05-2015 00:00,136.34,736,-0.03,None,26.99
16-05-2015 00:00,17-05-2015 00:00,152.81,736.24,-0.02,None,27.65
17-05-2015 00:00,18-05-2015 00:00,143.66,735.87,0.02,None,30.39
18-05-2015 00:00,19-05-2015 00:00,147.95,735.72,0.02,None,33.6
19-05-2015 00:00,20-05-2015 00:00,106.53,735.77,-0.04,None,30.39
20-05-2015 00:00,21-05-2015 00:00,157.83,735.71,-0.05,None,30.23
21-05-2015 00:00,22-05-2015 00:00,170.2,735.48,-0.06,None,34.55
22-05-2015 00:00,23-05-2015 00:00,155.39,735.41,-0.01,None,34.4
23-05-2015 00:00,24-05-2015 00:00,147.49,735.27,-0.12,None,35.68
24-05-2015 00:00,25-05-2015 00:00,147.3,735.47,0,None,34.82
25-05-2015 00:00,26-05-2015 00:00,145.48,735.33,-0.1,None,35.97
26-05-2015 00:00,27-05-2015 00:00,152.17,735.07,-0.04,None,35.99
27-05-2015 00:00,28-05-2015 00:00,160.08,735.14,0.03,None,33.14
28-05-2015 00:00,29-05-2015 00:00,102.88,735.72,-0.08,None,29.66
29-05-2015 00:00,30-05-2015 00:00,112.34,735.71,-0.02,None,31.93
30-05-2015 00:00,31-05-2015 00:00,132.47,735.59,0.01,None,33.39
31-05-2015 00:00,01-06-2015 00:00,145.46,735.59,-0.08,None,33.5
01-06-2015 00:00,02-06-2015 00:00,119.62,735.89,-0.07,None,28.35
02-06-2015 00:00,03-06-2015 00:00,141.79,735.75,-0.04,None,29.86
03-06-2015 00:00,04-06-2015 00:00,87.62,736.04,-0.03,None,25.69
04-06-2015 00:00,05-06-2015 00:00,148.31,736.02,-0.01,None,28.73
05-06-2015 00:00,06-06-2015 00:00,5.12,736,None,None,24.67
06-06-2015 00:00,07-06-2015 00:00,63.66,735.61,0.07,None,32.19
07-06-2015 00:00,08-06-2015 00:00,155.28,735.6,-0.03,None,33.58
08-06-2015 00:00,09-06-2015 00:00,180.2,735.46,0,None,35.42
09-06-2015 00:00,10-06-2015 00:00,144.15,735.28,-0.07,None,37.97
10-06-2015 00:00,11-06-2015 00:00,155.54,735.82,0.02,None,35.49
11-06-2015 00:00,12-06-2015 00:00,187.06,735.62,0,None,37.69
12-06-2015 00:00,13-06-2015 00:00,156.25,735.74,-0.05,None,34.41
13-06-2015 00:00,14-06-2015 00:00,98.28,736.09,-0.03,None,28.67
14-06-2015 00:00,15-06-2015 00:00,96.22,736.5,-0.01,None,24.53
15-06-2015 00:00,16-06-2015 00:00,122.27,736.35,0.01,None,27.91
16-06-2015 00:00,17-06-2015 00:00,142.01,736.28,-0.02,None,29.91
17-06-2015 00:00,18-06-2015 00:00,153.2,736.02,-0.02,None,31.88
18-06-2015 00:00,19-06-2015 00:00,138.99,736,0.01,None,32.73
19-06-2015 00:00,20-06-2015 00:00,144.83,736,0.1,None,33.58
20-06-2015 00:00,21-06-2015 00:00,148.22,736.02,0.03,None,31.52
21-06-2015 00:00,22-06-2015 00:00,135.18,736.26,-0.02,None,29.35
22-06-2015 00:00,23-06-2015 00:00,147.61,736.53,0.03,None,29.1
23-06-2015 00:00,24-06-2015 00:00,133.73,736.56,0.01,None,29.02
24-06-2015 00:00,25-06-2015 00:00,101.47,736.68,-0.03,None,27.01
25-06-2015 00:00,26-06-2015 00:00,82.83,736.82,-0.08,None,23.28
26-06-2015 00:00,27-06-2015 00:00,166.08,736.32,-0.02,None,28.22
27-06-2015 00:00,28-06-2015 00:00,159.77,736.03,-0.04,None,30.29
28-06-2015 00:00,29-06-2015 00:00,160.19,736.15,-0.02,None,31.75
29-06-2015 00:00,30-06-2015 00:00,143.95,736.1,0.1,None,28.74
30-06-2015 00:00,01-07-2015 00:00,140.97,736.1,0.03,None,28.62
01-07-2015 00:00,02-07-2015 00:00,149.88,736.31,0.01,None,29.35
02-07-2015 00:00,03-07-2015 00:00,147.1,736.05,0,None,31.07
03-07-2015 00:00,04-07-2015 00:00,144.39,736,-0.06,None,31.31
04-07-2015 00:00,05-07-2015 00:00,158.62,736,-0.09,None,28.92
05-07-2015 00:00,06-07-2015 00:00,165.33,736,-0.04,None,34.5
06-07-2015 00:00,07-07-2015 00:00,65.01,736.69,0.01,None,25.94
07-07-2015 00:00,08-07-2015 00:00,90.47,736.72,0.04,None,25.31
08-07-2015 00:00,09-07-2015 00:00,126.8,736.5,0.03,None,28.3
09-07-2015 00:00,10-07-2015 00:00,85.76,736.8,-0.06,None,26.4
10-07-2015 00:00,11-07-2015 00:00,36.15,737,0.07,None,23.95
11-07-2015 00:00,12-07-2015 00:00,22.62,737,-0.01,None,22.24
12-07-2015 00:00,13-07-2015 00:00,40.36,737,-0.09,None,22.55
13-07-2015 00:00,14-07-2015 00:00,153.66,736.56,-0.07,None,26.76
14-07-2015 00:00,15-07-2015 00:00,146,736.46,-0.03,None,29.15
15-07-2015 00:00,16-07-2015 00:00,154.37,736.25,-0.12,None,30.28
16-07-2015 00:00,17-07-2015 00:00,143,736.2,-0.07,None,29.69
17-07-2015 00:00,18-07-2015 00:00,99.22,736.89,0.05,None,27.2
18-07-2015 00:00,19-07-2015 00:00,84.28,736.94,0.01,None,26.69
19-07-2015 00:00,20-07-2015 00:00,113.09,736.66,-0.03,None,27.09
20-07-2015 00:00,21-07-2015 00:00,96.75,736.8,0,None,25.99
21-07-2015 00:00,22-07-2015 00:00,138.86,736.55,0.06,None,28.71
22-07-2015 00:00,23-07-2015 00:00,142.31,736.4,0.08,None,29.66
23-07-2015 00:00,24-07-2015 00:00,75.36,736.63,0.09,None,27.72
24-07-2015 00:00,25-07-2015 00:00,129.08,736.5,0.07,None,29.48
25-07-2015 00:00,26-07-2015 00:00,150.97,736.42,0.09,None,29.49
26-07-2015 00:00,27-07-2015 00:00,122.99,736.49,0.09,None,27.99
27-07-2015 00:00,28-07-2015 00:00,128.74,736.51,0.07,None,27.04
28-07-2015 00:00,29-07-2015 00:00,127.52,736.36,0.04,None,26.94
29-07-2015 00:00,30-07-2015 00:00,87.09,736.43,0.09,None,25.58
30-07-2015 00:00,31-07-2015 00:00,91.7,736.7,0.05,None,25.59
31-07-2015 00:00,01-08-2015 00:00,91.69,736.62,-0.04,None,25.87
01-08-2015 00:00,02-08-2015 00:00,104.06,736.63,-0.04,None,25.74
02-08-2015 00:00,03-08-2015 00:00,136.24,736.54,-0.01,None,26.88
03-08-2015 00:00,04-08-2015 00:00,139.57,736.52,-0.05,None,28.35
04-08-2015 00:00,05-08-2015 00:00,135.69,736.55,-0.03,None,28.8
05-08-2015 00:00,06-08-2015 00:00,97.64,736.8,0.03,None,26.51
06-08-2015 00:00,07-08-2015 00:00,92.92,736.82,0.03,None,27.07
07-08-2015 00:00,08-08-2015 00:00,98.23,736.81,0,None,26.64
08-08-2015 00:00,09-08-2015 00:00,72.62,737,0.02,None,25.7
09-08-2015 00:00,10-08-2015 00:00,55.72,737,0.04,None,24.3
10-08-2015 00:00,11-08-2015 00:00,109.9,736.69,-0.08,None,27.03
11-08-2015 00:00,12-08-2015 00:00,64.57,736.95,0.06,None,25.48
12-08-2015 00:00,13-08-2015 00:00,124.64,736.67,0.05,None,27.24
13-08-2015 00:00,14-08-2015 00:00,124.12,736.58,0.06,None,28.11
14-08-2015 00:00,15-08-2015 00:00,113.9,736.71,-0.03,None,27.89
15-08-2015 00:00,16-08-2015 00:00,61.56,736.9,-0.03,None,25.36
16-08-2015 00:00,17-08-2015 00:00,5.2,736.86,-0.08,None,25.22
17-08-2015 00:00,18-08-2015 00:00,5.16,736.66,-0.01,None,27.73
18-08-2015 00:00,19-08-2015 00:00,5.12,736.6,-0.03,None,27.39
19-08-2015 00:00,20-08-2015 00:00,5.09,736.37,-0.12,None,27.79
20-08-2015 00:00,21-08-2015 00:00,5.09,736.38,-0.14,None,27.75
21-08-2015 00:00,22-08-2015 00:00,5.16,736.75,-0.11,None,26.34
22-08-2015 00:00,23-08-2015 00:00,5.1,736.57,-0.08,None,26.44
23-08-2015 00:00,24-08-2015 00:00,5.09,736.58,-0.03,None,27.02
24-08-2015 00:00,25-08-2015 00:00,5.15,736.47,-0.06,None,27.53
25-08-2015 00:00,26-08-2015 00:00,5.11,736.27,-0.05,None,28.77
26-08-2015 00:00,27-08-2015 00:00,5.12,736.24,-0.07,None,28.92
27-08-2015 00:00,28-08-2015 00:00,5.13,736.48,-0.03,None,29.05
28-08-2015 00:00,29-08-2015 00:00,5.14,736.45,0.04,None,29.02
29-08-2015 00:00,30-08-2015 00:00,None,None,None,None,None
30-08-2015 00:00,31-08-2015 00:00,None,None,None,None,None
31-08-2015 00:00,01-09-2015 00:00,5.11,736,0.05,None,31.32
01-09-2015 00:00,02-09-2015 00:00,5.12,736,-0.08,None,29.59
02-09-2015 00:00,03-09-2015 00:00,112.88,736.06,-0.1,None,29.12
03-09-2015 00:00,04-09-2015 00:00,165.74,736,-0.09,None,29.21
04-09-2015 00:00,05-09-2015 00:00,140.46,736.09,0.02,None,30.77
05-09-2015 00:00,06-09-2015 00:00,116.39,736.61,-0.09,None,24.81
06-09-2015 00:00,07-09-2015 00:00,169.69,736,0.03,None,31.25
07-09-2015 00:00,08-09-2015 00:00,132.22,736.17,0,None,28.32
08-09-2015 00:00,09-09-2015 00:00,131.18,736.31,0.04,None,28.63
09-09-2015 00:00,10-09-2015 00:00,131.79,736,0.02,None,29.29
10-09-2015 00:00,11-09-2015 00:00,129.6,736.23,0.05,None,28.66
11-09-2015 00:00,12-09-2015 00:00,129.25,736.31,0.02,None,28.17
12-09-2015 00:00,13-09-2015 00:00,121.57,736.45,-0.05,None,28.58
13-09-2015 00:00,14-09-2015 00:00,112.64,736.42,-0.02,None,28.53
14-09-2015 00:00,15-09-2015 00:00,118.05,736.41,-0.02,None,28.67
15-09-2015 00:00,16-09-2015 00:00,122.01,736.32,0.04,None,29.79
16-09-2015 00:00,17-09-2015 00:00,120.23,736.17,0.03,None,29.89
17-09-2015 00:00,18-09-2015 00:00,107.53,736.27,-0.01,None,28.38
18-09-2015 00:00,19-09-2015 00:00,98.91,736.36,0.01,None,28.22
19-09-2015 00:00,20-09-2015 00:00,108.38,736.62,-0.06,None,27.88
20-09-2015 00:00,21-09-2015 00:00,119.11,736.62,0.02,None,27.95
21-09-2015 00:00,22-09-2015 00:00,125.34,736.56,0,None,26.9
22-09-2015 00:00,23-09-2015 00:00,116.34,736.55,0.03,None,27.35
23-09-2015 00:00,24-09-2015 00:00,112.56,736.39,0.01,None,25.56
24-09-2015 00:00,25-09-2015 00:00,127.04,736.2,-0.05,None,25.29
25-09-2015 00:00,26-09-2015 00:00,125.5,736.42,-0.08,None,24.65
26-09-2015 00:00,27-09-2015 00:00,124.09,736.48,-0.08,None,25.13
27-09-2015 00:00,28-09-2015 00:00,118.14,736.47,-0.08,None,25.88
28-09-2015 00:00,29-09-2015 00:00,122.26,736.43,0,None,25.37
29-09-2015 00:00,30-09-2015 00:00,121.34,736.36,0.07,None,25.63
30-09-2015 00:00,01-10-2015 00:00,121.97,736,0.06,None,26.42
01-10-2015 00:00,02-10-2015 00:00,118.68,736.22,-0.01,None,25.01
02-10-2015 00:00,03-10-2015 00:00,118.73,736.35,-0.04,None,24.78
03-10-2015 00:00,04-10-2015 00:00,117.4,736.47,-0.06,None,24.91
04-10-2015 00:00,05-10-2015 00:00,113.95,736.23,0.02,None,25.06
05-10-2015 00:00,06-10-2015 00:00,109.65,736.26,-0.04,None,25.03
06-10-2015 00:00,07-10-2015 00:00,113.81,736.34,0.02,None,25.51
07-10-2015 00:00,08-10-2015 00:00,111.12,736.38,0.04,None,25.72
08-10-2015 00:00,09-10-2015 00:00,111.39,736.41,0.01,None,25.32
09-10-2015 00:00,10-10-2015 00:00,111.85,736.28,-0.03,None,24.73
10-10-2015 00:00,11-10-2015 00:00,113.47,736.05,-0.09,None,24.83
11-10-2015 00:00,12-10-2015 00:00,111.78,736.13,0,None,25.11
12-10-2015 00:00,13-10-2015 00:00,110.97,736.32,-0.02,None,25.23
13-10-2015 00:00,14-10-2015 00:00,104.7,736.36,0.06,None,26.74
14-10-2015 00:00,15-10-2015 00:00,105.6,736.33,0.04,None,25.14
15-10-2015 00:00,16-10-2015 00:00,110.37,736.54,-0.04,None,23.18
16-10-2015 00:00,17-10-2015 00:00,129.37,736.44,-0.08,None,24.67
17-10-2015 00:00,18-10-2015 00:00,None,None,None,None,None
18-10-2015 00:00,19-10-2015 00:00,128.51,736.27,-0.02,None,26.4
19-10-2015 00:00,20-10-2015 00:00,107.36,736.46,-0.01,None,24.52
20-10-2015 00:00,21-10-2015 00:00,103.03,736.43,0.03,None,24.87
21-10-2015 00:00,22-10-2015 00:00,140.98,736.2,-0.01,None,25.23
22-10-2015 00:00,23-10-2015 00:00,72.67,735.74,-0.02,None,22.52
23-10-2015 00:00,24-10-2015 00:00,111,736.12,-0.05,None,20.23
24-10-2015 00:00,25-10-2015 00:00,107.89,736.17,-0.04,None,20.64
25-10-2015 00:00,26-10-2015 00:00,107.06,736.28,0.05,None,22.55
26-10-2015 00:00,27-10-2015 00:00,138.6,736,-0.04,None,23.42
27-10-2015 00:00,28-10-2015 00:00,None,None,None,None,None
28-10-2015 00:00,29-10-2015 00:00,5.12,736,0.1,None,13.64
29-10-2015 00:00,30-10-2015 00:00,101.18,736.3,-0.02,None,18.06
30-10-2015 00:00,31-10-2015 00:00,103.89,736.7,-0.1,None,16.79
31-10-2015 00:00,01-11-2015 00:00,None,None,None,None,None
01-11-2015 00:00,02-11-2015 00:00,128.88,736.1,-0.04,None,22.56
02-11-2015 00:00,03-11-2015 00:00,88.57,736.45,-0.03,None,19.74
03-11-2015 00:00,04-11-2015 00:00,80.33,736.44,-0.05,None,20.1
04-11-2015 00:00,05-11-2015 00:00,90.43,736.49,0.07,None,19.37
05-11-2015 00:00,06-11-2015 00:00,59.73,736.72,-0.04,None,18.06
06-11-2015 00:00,07-11-2015 00:00,97.4,736.53,0.09,None,18.86
07-11-2015 00:00,08-11-2015 00:00,83.35,736.55,-0.08,None,18.06
08-11-2015 00:00,09-11-2015 00:00,87.16,736.39,-0.1,None,18.77
09-11-2015 00:00,10-11-2015 00:00,82.47,736.52,-0.04,None,18.05
10-11-2015 00:00,11-11-2015 00:00,83.72,736.51,-0.09,None,18.93
11-11-2015 00:00,12-11-2015 00:00,99.52,736.03,0.02,None,19.89
12-11-2015 00:00,13-11-2015 00:00,97.1,736.09,-0.02,None,18.92
13-11-2015 00:00,14-11-2015 00:00,89.08,736.35,0,None,18.91
14-11-2015 00:00,15-11-2015 00:00,94.25,736.26,-0.03,None,19.46
15-11-2015 00:00,16-11-2015 00:00,91.78,736.32,-0.1,None,19.05
16-11-2015 00:00,17-11-2015 00:00,85.88,736.03,0.08,None,19.53
17-11-2015 00:00,18-11-2015 00:00,98.58,735.82,0.06,None,17.92
18-11-2015 00:00,19-11-2015 00:00,94.52,735.99,-0.04,None,14.95
19-11-2015 00:00,20-11-2015 00:00,80.05,736.38,-0.07,None,14.56
20-11-2015 00:00,21-11-2015 00:00,83.87,736.44,-0.07,None,14.69
21-11-2015 00:00,22-11-2015 00:00,83.74,736.45,-0.05,None,14.49
22-11-2015 00:00,23-11-2015 00:00,85.68,736.42,-0.04,None,14.63
23-11-2015 00:00,24-11-2015 00:00,79.15,736.42,0.03,None,14.18
24-11-2015 00:00,25-11-2015 00:00,37.58,736.34,0.02,None,14.26
25-11-2015 00:00,26-11-2015 00:00,86.39,736,0.02,None,16.09
26-11-2015 00:00,27-11-2015 00:00,73.14,736.21,0,None,15.34
27-11-2015 00:00,28-11-2015 00:00,61.05,736.26,-0.04,None,14.86
28-11-2015 00:00,29-11-2015 00:00,80.67,736.7,0.05,None,15.6
29-11-2015 00:00,30-11-2015 00:00,95.15,736.54,-0.05,None,17.24
30-11-2015 00:00,01-12-2015 00:00,64.48,736.75,-0.05,None,16.54
01-12-2015 00:00,02-12-2015 00:00,67.46,736.65,-0.09,None,16.41
02-12-2015 00:00,03-12-2015 00:00,68.73,736.39,-0.08,None,15.31
03-12-2015 00:00,04-12-2015 00:00,74.41,736.44,-0.04,None,14.19
04-12-2015 00:00,05-12-2015 00:00,88.1,736.49,-0.02,None,13.89
05-12-2015 00:00,06-12-2015 00:00,91.15,736.48,0.03,None,14.2
06-12-2015 00:00,07-12-2015 00:00,77.48,736.46,0.09,None,16.14
07-12-2015 00:00,08-12-2015 00:00,72.24,736.7,0.05,None,13.17
08-12-2015 00:00,09-12-2015 00:00,73.81,736.64,-0.01,None,13.83
09-12-2015 00:00,10-12-2015 00:00,47.68,736.67,0.03,None,13.92
10-12-2015 00:00,11-12-2015 00:00,63.97,736.62,0.02,None,14.78
11-12-2015 00:00,12-12-2015 00:00,68.57,736.65,0.01,None,13.35
12-12-2015 00:00,13-12-2015 00:00,44.09,737,-0.02,None,9.23
13-12-2015 00:00,14-12-2015 00:00,81.46,736.5,0,None,8.61
14-12-2015 00:00,15-12-2015 00:00,54.06,736.75,0.02,None,5.21
15-12-2015 00:00,16-12-2015 00:00,None,None,None,None,None
16-12-2015 00:00,17-12-2015 00:00,None,None,None,None,None
17-12-2015 00:00,18-12-2015 00:00,None,None,None,None,None
18-12-2015 00:00,19-12-2015 00:00,None,None,None,None,None
19-12-2015 00:00,20-12-2015 00:00,None,None,None,None,None
20-12-2015 00:00,21-12-2015 00:00,None,None,None,None,None
21-12-2015 00:00,22-12-2015 00:00,None,None,None,None,None
22-12-2015 00:00,23-12-2015 00:00,5.5,736.54,None,None,5.91
23-12-2015 00:00,24-12-2015 00:00,62.97,736.61,-0.04,None,9.21
24-12-2015 00:00,25-12-2015 00:00,15.39,736,0.1,None,10.18
25-12-2015 00:00,26-12-2015 00:00,80.24,736.07,0.01,None,9.03
26-12-2015 00:00,27-12-2015 00:00,78.3,736.01,0,None,10.87
27-12-2015 00:00,28-12-2015 00:00,68.93,736.14,0,None,12.34
28-12-2015 00:00,29-12-2015 00:00,80.97,736,0.03,None,15.13
29-12-2015 00:00,30-12-2015 00:00,74.76,736.01,-0.02,None,14.47
30-12-2015 00:00,31-12-2015 00:00,60.41,736.54,-0.02,None,11.68
31-12-2015 00:00,01-01-2016 00:00,75.07,736.39,-0.02,None,12.51
01-01-2016 00:00,01-01-2016 00:00,5.83,737,None,None,6.17
